경도,데이터기준일자,설치 단말기 종류,설치 정류장명,설치연월,순번,외국어지원여부,위도,음성사용여부,정류장 번호,표출시간
127.7124,2025-11-14,LCD(거치형),(구)102보충대,2021-07-17,1,사용,37.940780,사용,1515,05:00 ~ 23:30
127.721,2025-11-14,LCD(거치형),위도입구,2021-07-17,2,사용,37.924940,사용,1572,05:00 ~ 23:30
127.72351,2025-11-14,LED(거치형),강원생명과학고,2015-07-28,3,미사용,37.907810,사용,1373,05:00 ~ 23:30
127.72835,2025-11-14,LCD(거치형),사우사거리,2015-07-28,4,사용,37.899960,사용,2098,05:00 ~ 23:30
127.73468,2025-11-14,LCD(거치형),명진학교,2019-09-14,5,사용,37.899980,사용,1817,05:00 ~ 23:30
127.7469,2025-11-14,LED(거치형),신북읍행복센터,2019-09-14,6,미사용,37.925230,사용,2033,05:00 ~ 23:30
127.72572,2025-11-14,LED(거치형),소양로1가,2020-12-16,7,미사용,37.891460,사용,2092,05:00 ~ 23:30
127.74872,2025-11-14,LCD(거치형),여성가족연구원,2021-07-17,8,사용,37.855770,사용,1659,05:00 ~ 23:30
127.72462,2025-11-14,LED(거치형),근화초교,2020-12-16,9,미사용,37.888160,사용,1960,05:00 ~ 23:30
127.72618,2025-11-14,LCD(거치형),소양로우체국,2015-07-28,10,사용,37.881080,사용,1533,05:00 ~ 23:30
127.74357,2025-11-14,LCD(거치형),율문1리,2019-09-14,11,사용,37.925840,사용,1555,05:00 ~ 23:30
127.73776,2025-11-14,LCD(거치형),도재활병원삼거리,2019-09-14,12,사용,37.903200,사용,1935,05:00 ~ 23:30
127.72627,2025-11-14,LCD(거치형),명동입구,2015-07-09,13,사용,37.879120,사용,1819,05:00 ~ 23:30
127.72499,2025-11-14,LCD(거치형),중앙시장/중앙초교,2015-07-09,14,사용,37.878350,사용,1746,05:00 ~ 23:30
127.72548,2025-11-14,LCD(거치형),중앙시장,2015-07-09,15,사용,37.878500,사용,1747,05:00 ~ 23:30
127.72986,2025-11-14,LCD(거치형),현진에버빌3차,2018-12-21,16,사용,37.875070,사용,1163,05:00 ~ 23:30
127.64248,2025-11-14,LED(거치형),방곡1리,2020-12-16,17,미사용,37.794890,사용,1778,05:00 ~ 23:30
127.72096,2025-11-14,LCD(거치형),춘천초등학교,2018-08-14,18,사용,37.876080,사용,1155,05:00 ~ 23:30
127.70853,2025-11-14,LCD(거치형),파크자이A,2022-09-05,19,사용,37.867490,사용,2856,05:00 ~ 23:30
127.72948,2025-11-14,LCD(거치형),봉의초교,2018-12-21,20,사용,37.875110,사용,2203,05:00 ~ 23:30
127.73044,2025-11-14,LCD(거치형),육림고개,2015-07-09,21,사용,37.877210,사용,1560,05:00 ~ 23:30
127.73071,2025-11-14,LCD(거치형),육림고개,2015-07-30,22,사용,37.877170,사용,1561,05:00 ~ 23:30
127.74489,2025-11-14,LCD(거치형),봉의A,2018-08-14,23,사용,37.886750,사용,2206,05:00 ~ 23:30
127.72865,2025-11-14,LCD(거치형),시청입구,2015-07-15,24,사용,37.879610,사용,2054,05:00 ~ 23:30
127.72851,2025-11-14,LCD(거치형),강원일보,2021-07-17,25,사용,37.882550,사용,1479,05:00 ~ 23:30
127.73258,2025-11-14,LCD(거치형),춘천시청별관,2016-09-30,26,사용,37.881640,사용,1165,05:00 ~ 23:30
127.73831,2025-11-14,LCD(독립형),한림대학교,2015-07-30,27,미사용,37.883500,사용,2104,05:00 ~ 23:30
127.74415,2025-11-14,LCD(거치형),세경3차,2019-09-14,28,사용,37.884840,사용,2101,05:00 ~ 23:30
127.74675,2025-11-14,LCD(거치형),포스코후문,2022-09-05,29,사용,37.881700,사용,1102,05:00 ~ 23:30
127.74408,2025-11-14,LED(거치형),크로바A,2020-12-16,30,미사용,37.880500,사용,1143,05:00 ~ 23:30
127.75104,2025-11-14,LED(거치형),석사삼익A,2012-04-01,31,미사용,37.853080,사용,2115,05:00 ~ 23:30
127.73428,2025-11-14,LCD(거치형),동부시장,2015-07-09,32,사용,37.876590,사용,1865,05:00 ~ 23:30
127.74098,2025-11-14,LCD(거치형),춘천청소년수련관,2017-06-04,33,사용,37.874370,사용,1997,05:00 ~ 23:30
127.74425,2025-11-14,LCD(거치형),강원대후문,2015-07-10,34,사용,37.872890,사용,1481,05:00 ~ 23:30
127.75116,2025-11-14,LED(거치형),후평주공7단지,2024-06-05,35,미사용,37.875720,사용,1016,05:00 ~ 23:30
127.7548,2025-11-14,LED(거치형),후평3동행복센터,2020-04-08,36,미사용,37.876460,사용,1027,05:00 ~ 23:30
127.75856,2025-11-14,LED(거치형),청실A,2020-12-16,37,미사용,37.873220,사용,1407,05:00 ~ 23:30
127.75697,2025-11-14,LCD(거치형),석사2지구A,2024-06-05,38,사용,37.870270,사용,2127,05:00 ~ 23:30
127.75638,2025-11-14,LCD(거치형),석사대우A,2016-09-30,39,사용,37.869080,사용,2121,05:00 ~ 23:30
127.726,2025-11-14,LCD(거치형),남부시장,2018-08-14,40,사용,37.870630,사용,1946,05:00 ~ 23:30
127.72748,2025-11-14,LCD(거치형),남부시장,2018-08-14,41,사용,37.870110,사용,1947,05:00 ~ 23:30
127.73933,2025-11-14,LCD(거치형),석사A,2019-09-14,42,사용,37.862890,사용,2114,05:00 ~ 23:30
127.74215,2025-11-14,LCD(거치형),동보A,2015-07-30,43,사용,37.861790,사용,1866,05:00 ~ 23:30
127.74511,2025-11-14,LCD(거치형),석사사거리,2021-07-17,44,사용,37.859520,사용,2117,05:00 ~ 23:30
127.74853,2025-11-14,LCD(거치형),여성가족연구원,2021-07-17,45,사용,37.856130,사용,1658,05:00 ~ 23:30
127.75054,2025-11-14,LED(거치형),로데오거리,2024-06-05,46,미사용,37.854240,사용,1848,05:00 ~ 23:30
127.75278,2025-11-14,LCD(거치형),석사극동A,2015-07-29,47,사용,37.851180,사용,2123,05:00 ~ 23:30
127.71614,2025-11-14,LCD(거치형),온의금호1차,2019-09-14,48,사용,37.868880,사용,1633,05:00 ~ 23:30
127.71739,2025-11-14,LCD(거치형),풍물시장,2019-09-14,49,사용,37.867340,사용,1629,05:00 ~ 23:30
127.72006,2025-11-14,LCD(거치형),춘천우체국,2015-07-14,50,사용,37.865860,사용,1492,05:00 ~ 23:30
127.72053,2025-11-14,LCD(거치형),열린공원,2019-09-14,51,사용,37.861530,사용,1549,05:00 ~ 23:30
127.72326,2025-11-14,LCD(거치형),퇴계우체국,2019-09-14,52,사용,37.859620,사용,1131,05:00 ~ 23:30
127.72502,2025-11-14,LCD(거치형),퇴계현대1차,2019-09-14,53,사용,37.858580,사용,1112,05:00 ~ 23:30
127.72743,2025-11-14,LCD(거치형),남부초교,2015-07-10,54,사용,37.859310,사용,1134,05:00 ~ 23:30
127.73406,2025-11-14,LED(거치형),동부새마을금고,2020-12-16,55,미사용,37.873520,사용,1810,05:00 ~ 23:30
127.73888,2025-11-14,LED(거치형),무릉공원,2022-09-05,56,미사용,37.856070,사용,1096,05:00 ~ 23:30
127.74099,2025-11-14,LCD(거치형),퇴계현대3차,2021-07-17,57,사용,37.854510,사용,2110,05:00 ~ 23:30
127.74132,2025-11-14,LCD(거치형),성림초등학교,2021-07-17,58,사용,37.852730,사용,2105,05:00 ~ 23:30
127.74211,2025-11-14,LCD(거치형),동산A,2018-08-14,59,사용,37.889210,사용,1860,05:00 ~ 23:30
127.74079,2025-11-14,LCD(거치형),퇴계주공6차A,2015-07-10,60,사용,37.851150,사용,1121,05:00 ~ 23:30
127.73898,2025-11-14,LED(거치형),퇴계한주A,2024-06-05,61,미사용,37.849190,사용,1117,05:00 ~ 23:30
127.74413,2025-11-14,LCD(거치형),투탑시티,2015-07-29,62,사용,37.850540,사용,1111,05:00 ~ 23:30
127.72922,2025-11-14,LCD(거치형),한국토지주택공사,2018-08-14,63,사용,37.869250,사용,1085,05:00 ~ 23:30
127.73154,2025-11-14,LED(거치형),양우A,2024-06-05,64,미사용,37.867960,사용,1666,05:00 ~ 23:30
127.72374,2025-11-14,LED(거치형),강원생명과학고,2020-05-29,65,미사용,37.907750,사용,1372,05:00 ~ 23:30
127.76041,2025-11-14,LCD(거치형),학곡리종점,2019-09-14,66,사용,37.835010,사용,1092,05:00 ~ 23:30
127.7118,2025-11-14,LED(거치형),칠전대우A,2020-05-29,67,미사용,37.844170,사용,1149,05:00 ~ 23:30
127.79126,2025-11-14,LCD(거치형),동산중학교,2015-07-28,68,사용,37.752260,사용,1857,05:00 ~ 23:30
127.75773,2025-11-14,LED(거치형),새술막,2020-12-16,69,미사용,37.785880,사용,2148,05:00 ~ 23:30
127.79587,2025-11-14,LCD(독립형),동산면행복센터,2015-07-19,70,미사용,37.754100,사용,1863,05:00 ~ 23:30
127.79594,2025-11-14,LCD(독립형),동산면행복센터,2015-07-19,71,미사용,37.753840,사용,1191,05:00 ~ 23:30
127.77401,2025-11-14,LED(거치형),폴리텍대학,2020-12-16,72,미사용,37.797590,사용,1598,05:00 ~ 23:30
127.71386,2025-11-14,LCD(거치형),조각공원,2015-07-29,73,사용,37.873070,사용,1760,05:00 ~ 23:30
127.7563,2025-11-14,LCD(거치형),그랜드A,2024-06-05,74,사용,37.866830,사용,1964,05:00 ~ 23:30
127.74149,2025-11-14,LED(거치형),봉의중학교,2020-12-16,75,미사용,37.879320,사용,2204,05:00 ~ 23:30
127.72306,2025-11-14,LCD(거치형),약사롯데캐슬,2022-07-14,76,사용,37.872120,사용,1669,05:00 ~ 23:30
127.75778,2025-11-14,LCD(거치형),후평주공4단지후문,2017-06-04,77,사용,37.874950,사용,1023,05:00 ~ 23:30
127.74292,2025-11-14,LCD(거치형),강원대학병원,2019-09-14,78,사용,37.874710,사용,1483,05:00 ~ 23:30
127.74837,2025-11-14,LCD(거치형),후평주공6단지,2015-07-10,79,사용,37.874220,사용,1018,05:00 ~ 23:30
127.71718,2025-11-14,LCD(거치형),춘천중학교,2015-07-09,80,사용,37.874870,사용,1159,05:00 ~ 23:30
127.71769,2025-11-14,LCD(거치형),춘천중학교,2018-08-14,81,사용,37.875270,사용,1160,05:00 ~ 23:30
127.63361,2025-11-14,LCD(거치형),강촌유원지,2015-07-29,82,사용,37.813610,사용,1464,05:00 ~ 23:30
127.75117,2025-11-14,LED(거치형),초록지붕A,2020-05-29,83,미사용,37.853240,사용,2116,05:00 ~ 23:30
127.742,2025-11-14,LCD(거치형),봄내초교,2015-07-10,84,사용,37.856570,사용,2108,05:00 ~ 23:30
127.74472,2025-11-14,LCD(거치형),퇴계주공3.4차,2019-09-14,85,사용,37.855780,사용,1127,05:00 ~ 23:30
127.73507,2025-11-14,LCD(거치형),병무청앞,2019-09-14,86,사용,37.865540,사용,1485,05:00 ~ 23:30
127.75709,2025-11-14,LCD(거치형),대우A,2019-09-14,87,사용,37.876240,사용,1025,05:00 ~ 23:30
127.74157,2025-11-14,LCD(거치형),퇴계주공6차,2018-08-14,88,사용,37.851420,사용,1122,05:00 ~ 23:30
127.72912,2025-11-14,LCD(거치형),M백화점,2017-06-04,89,사용,37.878740,사용,2053,05:00 ~ 23:30
127.74676,2025-11-14,LCD(거치형),신성교회,2021-07-17,90,사용,37.885080,사용,2004,05:00 ~ 23:30
127.74108,2025-11-14,LCD(거치형),동보빌리지,2015-07-30,91,사용,37.883720,사용,1867,05:00 ~ 23:30
127.73466,2025-11-14,LCD(독립형),향교,2017-06-04,92,미사용,37.881500,사용,1071,05:00 ~ 23:30
127.7485,2025-11-14,LCD(거치형),포스코더샵A,2022-09-05,93,사용,37.881620,사용,1104,05:00 ~ 23:30
127.71582,2025-11-14,LED(거치형),온의금호1차,2020-12-16,94,미사용,37.868720,사용,1634,05:00 ~ 23:30
127.71821,2025-11-14,LED(거치형),럭키A,2020-12-16,95,미사용,37.866570,사용,1630,05:00 ~ 23:30
127.72313,2025-11-14,LCD(거치형),한진한성,2021-07-17,96,사용,37.859450,사용,1114,05:00 ~ 23:30
127.72643,2025-11-14,LCD(거치형),퇴계현대1차,2021-07-17,97,사용,37.857920,사용,1113,05:00 ~ 23:30
127.72506,2025-11-14,LCD(거치형),소양로2가,2021-07-17,98,사용,37.889140,사용,2090,05:00 ~ 23:30
127.72187,2025-11-14,LCD(거치형),우두로입구,2015-07-30,99,사용,37.913300,사용,2196,05:00 ~ 23:30
127.72244,2025-11-14,LCD(독립형),사농현대A,2017-06-04,100,미사용,37.910790,사용,2197,05:00 ~ 23:30
127.72858,2025-11-14,LED(거치형),소양2교,2020-12-16,101,미사용,37.899590,사용,2097,05:00 ~ 23:30
127.73938,2025-11-14,LED(거치형),소양초교,2020-12-16,102,미사용,37.905870,사용,2085,05:00 ~ 23:30
127.75814,2025-11-14,LCD(거치형),만천초교,2018-08-14,103,사용,37.882690,사용,1833,05:00 ~ 23:30
127.75433,2025-11-14,LED(거치형),동아/청구A,2023-11-01,104,미사용,37.870260,사용,1415,05:00 ~ 23:30
127.74849,2025-11-14,LCD(거치형),일성트루엘A,2019-09-14,105,사용,37.877490,사용,1751,05:00 ~ 23:30
127.72014,2025-11-14,LCD(거치형),미소지움/방송대,2019-09-14,106,사용,37.873290,사용,1631,05:00 ~ 23:30
127.73414,2025-11-14,LCD(거치형),춘천지방법원,2021-07-17,107,사용,37.866090,사용,2216,05:00 ~ 23:30
127.69402,2025-11-14,LCD(독립형),서면행정복지센터,2017-06-04,108,미사용,37.898340,사용,2145,05:00 ~ 23:30
127.72331,2025-11-14,LCD(거치형),남춘천역,2015-07-15,109,사용,37.864120,사용,2295,05:00 ~ 23:30
127.72328,2025-11-14,LCD(거치형),춘천농협,2017-06-04,110,사용,37.883650,사용,1370,05:00 ~ 23:30
127.75154,2025-11-14,LED(거치형),거두리부영A,2020-12-16,111,미사용,37.855610,사용,1847,05:00 ~ 23:30
127.7548,2025-11-14,LED(거치형),성우오스타A,2020-12-16,112,미사용,37.856350,사용,1168,05:00 ~ 23:30
127.75944,2025-11-14,LCD(거치형),거두리주공A,2021-08-19,113,사용,37.856860,사용,1169,05:00 ~ 23:30
127.75935,2025-11-14,LED(거치형),호반베르디움,2020-12-16,114,미사용,37.857170,사용,2284,05:00 ~ 23:30
127.75193,2025-11-14,LCD(거치형),우미린후문,2017-06-04,115,사용,37.877210,사용,1702,05:00 ~ 23:30
127.76324,2025-11-14,LED(거치형),유앤아이A,2023-11-01,116,미사용,37.879810,사용,2266,05:00 ~ 23:30
127.72139,2025-11-14,LCD(거치형),남춘천중학교,2021-07-17,117,사용,37.860590,사용,1941,05:00 ~ 23:30
127.71345,2025-11-14,LED(거치형),청와A,2020-12-16,118,미사용,37.881460,사용,1963,05:00 ~ 23:30
127.74863,2025-11-14,LCD(거치형),한국전력공사입구,2019-10-08,119,사용,37.883500,사용,1086,05:00 ~ 23:30
127.64606,2025-11-14,LCD(거치형),남산면행복센터,2021-07-17,120,사용,37.791490,사용,1944,05:00 ~ 23:30
127.7332,2025-11-14,LED(거치형),휴먼시아1차,2024-06-05,121,미사용,37.860870,사용,2320,05:00 ~ 23:30
127.7371,2025-11-14,LCD(거치형),퇴계주공2차,2021-07-17,122,사용,37.858410,사용,1129,05:00 ~ 23:30
127.7231,2025-11-14,LCD(거치형),남춘천역,2016-09-30,123,사용,37.863900,사용,2285,05:00 ~ 23:30
127.72859,2025-11-14,LCD(독립형),한국은행,2016-09-30,124,미사용,37.882250,사용,1088,05:00 ~ 23:30
127.71703,2025-11-14,LCD(거치형),엘타워/미소지움,2019-09-14,125,사용,37.874040,사용,1157,05:00 ~ 23:30
127.7181,2025-11-14,LCD(거치형),춘천중학교정문,2019-09-14,126,사용,37.873980,사용,1158,05:00 ~ 23:30
127.73627,2025-11-14,LCD(거치형),춘천사회혁신센터,2021-07-17,127,사용,37.864160,사용,1484,05:00 ~ 23:30
127.74339,2025-11-14,LCD(거치형),성원초등학교,2016-09-30,128,사용,37.848130,사용,2103,05:00 ~ 23:30
127.74092,2025-11-14,LCD(거치형),퇴계주공7단지,2016-09-30,129,사용,37.847840,사용,1120,05:00 ~ 23:30
127.73726,2025-11-14,LCD(거치형),중앙하이츠1차,2021-07-17,130,사용,37.854560,사용,1741,05:00 ~ 23:30
127.73812,2025-11-14,LCD(거치형),교동초교입구,2016-09-30,131,사용,37.877800,사용,1977,05:00 ~ 23:30
127.7553,2025-11-14,LED(거치형),장애인종합복지관,2023-11-01,132,미사용,37.847420,사용,1083,05:00 ~ 23:30
127.75281,2025-11-14,LCD(거치형),박물관후문,2021-07-17,133,사용,37.864650,사용,1363,05:00 ~ 23:30
127.73525,2025-11-14,LCD(거치형),중앙하이츠2차,2019-10-10,134,사용,37.857230,사용,2000,05:00 ~ 23:30
127.75254,2025-11-14,LCD(거치형),청구/진흥A,2021-07-17,135,사용,37.868950,사용,1694,05:00 ~ 23:30
127.75105,2025-11-14,LED(거치형),후평주공7단지,2024-06-05,136,미사용,37.875540,사용,1015,05:00 ~ 23:30
127.74552,2025-11-14,LCD(거치형),푸른언덕공원,2023-11-01,137,사용,37.876190,사용,2215,05:00 ~ 23:30
127.73787,2025-11-14,LCD(거치형),중부지구대,2021-07-17,138,사용,37.875790,사용,1039,05:00 ~ 23:30
127.74947,2025-11-14,LCD(거치형),동광오거리,2019-09-30,139,사용,37.885260,사용,1826,05:00 ~ 23:30
127.79216,2025-11-14,LED(거치형),윗샘밭종점,2023-11-01,140,미사용,37.932440,사용,1570,05:00 ~ 23:30
127.73464,2025-11-14,LCD(거치형),퇴계주공2차,2018-08-14,141,사용,37.857890,사용,2001,05:00 ~ 23:30
127.72659,2025-11-14,LED(거치형),인성병원,2022-09-01,142,미사용,37.881090,사용,1532,05:00 ~ 23:30
127.72203,2025-11-14,LCD(거치형),신동삼거리,2022-09-05,143,사용,37.931870,사용,2045,05:00 ~ 23:30
127.7142,2025-11-14,LCD(거치형),용산1리,2021-07-17,144,사용,37.939130,사용,1325,05:00 ~ 23:30
127.7146,2025-11-14,LED(거치형),공지사거리,2020-12-16,145,미사용,37.874310,사용,2003,05:00 ~ 23:30
127.70064,2025-11-14,LED(거치형),애니고등학교,2023-11-01,146,미사용,37.905260,사용,1491,05:00 ~ 23:30
127.72739,2025-11-14,LCD(거치형),두미르A,2016-09-30,147,사용,37.902650,사용,1853,05:00 ~ 23:30
127.73082,2025-11-14,LCD(거치형),삼성동부A,2016-09-30,148,사용,37.899530,사용,1844,05:00 ~ 23:30
127.7269,2025-11-14,LED(거치형),문화예술회관,2024-06-05,149,미사용,37.873000,사용,1813,05:00 ~ 23:30
127.7228,2025-11-14,LCD(거치형),KBS방송국,2024-06-05,150,사용,37.868240,사용,1752,05:00 ~ 23:30
127.717,2025-11-14,LCD(거치형),배나무골,2021-07-17,151,사용,37.859830,사용,2230,05:00 ~ 23:30
127.7242,2025-11-14,LCD(거치형),중앙로입구,2016-09-30,152,사용,37.877490,사용,1745,05:00 ~ 23:30
127.6337,2025-11-14,LED(거치형),강촌역,2020-05-29,153,미사용,37.806270,사용,2303,05:00 ~ 23:30
127.74691,2025-11-14,LCD(거치형),후평주공5단지,2016-09-30,154,사용,37.873460,사용,1019,05:00 ~ 23:30
127.76178,2025-11-14,LCD(거치형),항공대정문,2021-07-17,155,사용,37.929470,사용,1079,05:00 ~ 23:30
127.75677,2025-11-14,LCD(거치형),석사2지구A,2015-07-29,156,사용,37.870480,사용,2126,05:00 ~ 23:30
127.72668,2025-11-14,LCD(거치형),명동입구,2017-06-01,157,사용,37.879710,사용,1671,05:00 ~ 23:30
127.72626,2025-11-14,LCD(거치형),번개시장,2012-07-17,158,사용,37.892050,사용,2219,05:00 ~ 23:30
127.7511,2025-11-14,LCD(거치형),한국국토정보공사,2021-07-17,159,사용,37.878030,사용,1703,05:00 ~ 23:30
127.75241,2025-11-14,LCD(거치형),보안사거리,2016-09-30,160,사용,37.875420,사용,2213,05:00 ~ 23:30
127.75247,2025-11-14,LCD(거치형),부안주유소,2022-09-05,161,사용,37.872430,사용,1013,05:00 ~ 23:30
127.75371,2025-11-14,LCD(거치형),후평3동행복센터,2021-07-17,162,사용,37.876240,사용,1026,05:00 ~ 23:30
127.75044,2025-11-14,LCD(거치형),신한은행후평동지점,2021-07-17,163,사용,37.879270,사용,1516,05:00 ~ 23:30
127.75261,2025-11-14,LCD(거치형),보안사거리,2016-09-30,164,사용,37.875340,사용,2212,05:00 ~ 23:30
127.75268,2025-11-14,LCD(거치형),후평3동우체국,2016-09-30,165,사용,37.872440,사용,1012,05:00 ~ 23:30
127.72712,2025-11-14,LED(거치형),문화예술회관,2024-06-05,166,미사용,37.872940,사용,1814,05:00 ~ 23:30
127.7311,2025-11-14,LCD(거치형),퇴계우성A,2022-09-05,167,사용,37.859830,사용,1339,05:00 ~ 23:30
127.74154,2025-11-14,LCD(거치형),현진에버빌2차,2022-09-05,168,사용,37.852800,사용,2106,05:00 ~ 23:30
127.73904,2025-11-14,LCD(거치형),석사A,2024-06-05,169,사용,37.862810,사용,2113,05:00 ~ 23:30
127.74948,2025-11-14,LCD(거치형),포스코더샵A,2021-07-17,170,사용,37.880610,사용,1101,05:00 ~ 23:30
127.72831,2025-11-14,LCD(거치형),농산물도매시장,2021-07-17,171,사용,37.906820,사용,2274,05:00 ~ 23:30
127.71429,2025-11-14,LED(거치형),공지천사거리,2022-09-05,172,미사용,37.874040,사용,2002,05:00 ~ 23:30
127.71745,2025-11-14,LCD(거치형),배나무골,2022-09-05,173,사용,37.859950,사용,2229,05:00 ~ 23:30
127.73021,2025-11-14,LCD(거치형),퇴계우성A,2022-09-05,174,사용,37.859980,사용,1132,05:00 ~ 23:30
127.73385,2025-11-14,LED(거치형),홈플러스,2020-05-29,175,미사용,37.850920,사용,1067,05:00 ~ 23:30
127.73698,2025-11-14,LCD(거치형),퇴계주공1차,2022-09-05,176,사용,37.858710,사용,1130,05:00 ~ 23:30
127.73345,2025-11-14,LCD(거치형),동부시장,2022-09-05,177,사용,37.876320,사용,1864,05:00 ~ 23:30
127.75365,2025-11-14,LED(거치형),산림조합강원본부,2022-09-05,178,미사용,37.887240,사용,1002,05:00 ~ 23:30
127.72832,2025-11-14,LED(거치형),농산물도매시장,2022-09-05,179,미사용,37.907020,사용,2275,05:00 ~ 23:30
127.73925,2025-11-14,LCD(거치형),폴리텍2캠퍼스,2022-09-05,180,사용,37.912290,사용,1476,05:00 ~ 23:30
127.75158,2025-11-14,LED(거치형),면허시험장입구,2022-09-05,181,미사용,37.945500,사용,1823,05:00 ~ 23:30
127.72084,2025-11-14,LCD(거치형),춘천시보건소,2024-06-05,182,사용,37.876210,사용,1156,05:00 ~ 23:30
127.72342,2025-11-14,LED(거치형),춘천농협,2023-11-01,183,미사용,37.884440,사용,1371,05:00 ~ 23:30
127.70841,2025-11-14,LCD(거치형),시립청소년도서관,2022-09-05,184,사용,37.871370,사용,2059,05:00 ~ 23:30
127.71177,2025-11-14,LCD(거치형),칠전대우A,7430-05-02,185,사용,37.844360,사용,1150,05:00 ~ 23:30
127.67719,2025-11-14,LED(거치형),의암댐,2022-09-05,186,미사용,37.837920,사용,1544,05:00 ~ 23:30
127.71679,2025-11-14,LCD(거치형),김유정문학촌,2022-09-05,187,사용,37.819350,사용,1950,05:00 ~ 23:30
127.6696,2025-11-14,LED(거치형),의암교차로,2023-11-01,188,미사용,37.827210,사용,1546,05:00 ~ 23:30
127.67006,2025-11-14,LED(거치형),덕두원3리,2023-11-01,189,미사용,37.827220,사용,1885,05:00 ~ 23:30
127.66078,2025-11-14,LED(거치형),등선폭포,2023-11-01,190,미사용,37.824860,사용,1850,05:00 ~ 23:30
127.66043,2025-11-14,LED(거치형),등선폭포,2023-11-01,191,미사용,37.824910,사용,1851,05:00 ~ 23:30
127.63323,2025-11-14,LED(거치형),강촌입구,2023-11-01,192,미사용,37.818970,사용,1463,05:00 ~ 23:30
127.62263,2025-11-14,LED(거치형),강촌검문소,2023-11-01,193,미사용,37.825710,사용,1472,05:00 ~ 23:30
127.6222,2025-11-14,LED(거치형),강촌검문소,2023-11-01,194,미사용,37.825650,사용,1473,05:00 ~ 23:30
127.61541,2025-11-14,LED(거치형),당림2리,2023-11-01,195,미사용,37.830790,사용,1927,05:00 ~ 23:30
127.61526,2025-11-14,LED(거치형),당림2리,2023-11-01,196,미사용,37.830370,사용,1928,05:00 ~ 23:30
127.58463,2025-11-14,LED(거치형),안보1리,2023-11-01,197,미사용,37.835930,사용,1445,05:00 ~ 23:30
127.58439,2025-11-14,LED(거치형),안보1리,2023-11-01,198,미사용,37.835760,사용,1446,05:00 ~ 23:30
127.74083,2025-11-14,LED(거치형),퇴계주공9차,2020-12-16,199,미사용,37.847670,사용,1119,05:00 ~ 23:30
127.74366,2025-11-14,LED(거치형),대룡중학교,2020-12-16,200,미사용,37.848170,사용,1916,05:00 ~ 23:30
127.6906,2025-11-14,LED(거치형),시청자미디어센터,2024-06-05,201,미사용,37.896040,사용,1957,05:00 ~ 23:30
127.70239,2025-11-14,LED(거치형),서춘천농협,2024-06-05,202,미사용,37.932340,사용,2130,05:00 ~ 23:30
127.73747,2025-11-14,LED(거치형),천년나무A,2022-09-05,203,미사용,37.912770,사용,2617,05:00 ~ 23:30
127.73764,2025-11-14,LED(거치형),천년나무A,2022-09-05,204,미사용,37.912960,사용,2618,05:00 ~ 23:30
127.73881,2025-11-14,LED(거치형),퇴계금호A,2024-06-05,205,미사용,37.849070,사용,1137,05:00 ~ 23:30
127.73137,2025-11-14,LED(거치형),유승한내들,2024-06-05,206,미사용,37.861920,사용,1568,05:00 ~ 23:30
127.72272,2025-11-14,LCD(거치형),KBS방송국,2024-06-05,207,사용,37.867650,사용,1753,05:00 ~ 23:30
127.73311,2025-11-14,LED(거치형),법원,2022-09-05,208,미사용,37.865900,사용,2218,05:00 ~ 23:30
127.7312,2025-11-14,LED(거치형),국민연금공단,2022-09-05,209,미사용,37.863860,사용,1939,05:00 ~ 23:30
127.75209,2025-11-14,LED(거치형),거두리부영A,2022-09-05,210,미사용,37.855970,사용,1449,05:00 ~ 23:30
127.75825,2025-11-14,LED(거치형),신촌3리,2022-09-05,211,미사용,37.848920,사용,1688,05:00 ~ 23:30
127.72469,2025-11-14,LCD(거치형),춘천경찰서,2024-06-05,212,사용,37.870700,사용,1075,05:00 ~ 23:30
127.72308,2025-11-14,LCD(거치형),중앙로입구,7430-05-02,213,사용,37.877070,사용,1011,05:00 ~ 23:30
127.73052,2025-11-14,LED(거치형),양우A,2024-06-05,214,미사용,37.868310,사용,1665,05:00 ~ 23:30
127.72791,2025-11-14,LCD(거치형),수협,2024-06-05,215,사용,37.869730,사용,2335,05:00 ~ 23:30
127.75696,2025-11-14,LCD(거치형),후평주공4단지,2024-06-05,216,사용,37.876240,사용,1024,05:00 ~ 23:30
127.75837,2025-11-14,LCD(거치형),청실A,2022-09-05,217,사용,37.873380,사용,1406,05:00 ~ 23:30
127.71608,2025-11-14,LED(거치형),춘천역육교앞,2022-09-05,218,미사용,37.885630,사용,1529,05:00 ~ 23:30
127.75608,2025-11-14,LCD(거치형),석사부영A,2024-06-05,219,사용,37.869100,사용,2118,05:00 ~ 23:30
127.75274,2025-11-14,LED(거치형),청구/진흥A,2024-06-05,220,미사용,37.869100,사용,1695,05:00 ~ 23:30
127.74545,2025-11-14,LCD(거치형),퇴계주공4차,2022-09-05,221,사용,37.853610,사용,1125,05:00 ~ 23:30
127.72116,2025-11-14,LCD(거치형),모아엘가A,2022-07-14,222,사용,37.873260,사용,1632,05:00 ~ 23:30
127.72499,2025-11-14,LED(거치형),소양중학교,2024-06-05,223,미사용,37.905130,사용,2087,05:00 ~ 23:30
127.72119,2025-11-14,LED(거치형),육림공원,2024-06-05,224,미사용,37.917560,사용,1559,05:00 ~ 23:30
127.73905,2025-11-14,LCD(거치형),여우고개삼거리,2022-09-05,225,사용,37.919150,사용,2169,05:00 ~ 23:30
127.74677,2025-11-14,LCD(거치형),신북읍행복센터,2022-09-05,226,사용,37.925150,사용,2032,05:00 ~ 23:30
127.75154,2025-11-14,LED(거치형),한샘고후문,2022-09-05,227,미사용,37.928270,사용,1360,05:00 ~ 23:30
127.78854,2025-11-14,LCD(거치형),춘천동원학교,2021-07-17,228,사용,37.930260,사용,1855,05:00 ~ 23:30
127.75862,2025-11-14,LED(거치형),만천초교,2024-06-05,229,미사용,37.882640,사용,1836,05:00 ~ 23:30
127.76572,2025-11-14,LED(거치형),스위첸A,2024-06-05,230,미사용,37.879550,사용,1825,05:00 ~ 23:30
127.6006,2025-11-14,LED(거치형),발산1리,2022-09-05,231,미사용,37.731230,사용,1949,05:00 ~ 23:30
127.64114,2025-11-14,LED(거치형),사북면행복센터,2022-09-05,232,미사용,38.028960,사용,2193,05:00 ~ 23:30
127.7326,2025-11-14,LCD(거치형),새마을고개,2022-09-05,233,사용,37.871460,사용,2151,05:00 ~ 23:30
127.7248,2025-11-14,LCD(독립형),남춘천역2번출구,2013-07-01,234,미사용,37.863600,사용,2310,05:00 ~ 23:30
127.71219,2025-11-14,LED(거치형),부강연립앞,2023-02-20,235,미사용,37.878690,사용,2359,05:00 ~ 23:30
127.71365,2025-11-14,LED(거치형),청와A,2023-02-20,236,미사용,37.881220,사용,1405,05:00 ~ 23:30
127.75432,2025-11-14,LCD(거치형),청구/동아A,2013-07-01,237,사용,37.870040,사용,1414,05:00 ~ 23:30
127.74273,2025-11-14,LED(거치형),석사동행복센터,2023-02-20,238,미사용,37.859210,사용,2120,05:00 ~ 23:30
127.75317,2025-11-14,LCD(거치형),강동농협장학지점,2015-03-01,239,사용,37.891770,사용,1487,05:00 ~ 23:30
127.74413,2025-11-14,LCD(거치형),봉의A,2015-03-01,240,사용,37.887680,사용,2207,05:00 ~ 23:30
127.74483,2025-11-14,LCD(거치형),석사교회,2015-03-01,241,사용,37.859610,사용,2124,05:00 ~ 23:30
127.73935,2025-11-14,LCD(거치형),농촌공사춘천지소,2015-03-01,242,사용,37.909730,사용,1934,05:00 ~ 23:30
127.72609,2025-11-14,LCD(거치형),e편한세상,2015-03-01,243,사용,37.884240,사용,2495,05:00 ~ 23:30
127.72201,2025-11-14,LCD(거치형),우두로입구,2015-03-01,244,사용,37.913520,사용,2195,05:00 ~ 23:30
127.72592,2025-11-14,LCD(거치형),한신휴플러스,2015-07-29,245,사용,37.884230,사용,2494,05:00 ~ 23:30
127.72784,2025-11-14,LCD(거치형),케이티앤지,2015-07-29,246,사용,37.861640,사용,2272,05:00 ~ 23:30
127.74313,2025-11-14,LCD(독립형),강원대학병원,2015-07-29,247,미사용,37.874760,사용,1482,05:00 ~ 23:30
127.75486,2025-11-14,LCD(거치형),성우오스타A,2015-07-29,248,사용,37.856140,사용,1450,05:00 ~ 23:30
127.71448,2025-11-14,LCD(거치형),칠전동사거리,2015-07-30,249,사용,37.841420,사용,1148,05:00 ~ 23:30
127.70704,2025-11-14,LCD(거치형),삼천동사거리,2015-07-30,250,사용,37.869060,사용,2166,05:00 ~ 23:30
127.7849,2025-11-14,LCD(거치형),상천초등학교,2022-07-05,251,사용,37.929890,사용,2154,05:00 ~ 23:30
127.63638,2025-11-14,LCD(독립형),강촌1리마을,2015-07-30,252,미사용,37.810120,사용,1975,05:00 ~ 23:30
127.7603,2025-11-14,LCD(거치형),학곡리종점,2015-07-30,253,사용,37.834860,사용,1091,05:00 ~ 23:30
127.76431,2025-11-14,LCD(거치형),국립춘천병원,2015-07-30,254,사용,37.770740,사용,1972,05:00 ~ 23:30
127.68148,2025-11-14,LCD(거치형),용산2리,2016-09-30,255,사용,37.960410,사용,1322,05:00 ~ 23:30
127.73914,2025-11-14,LCD(거치형),여우고개사거리,2016-09-30,256,사용,37.922280,사용,2281,05:00 ~ 23:30
127.6482,2025-11-14,LCD(거치형),창촌3거리,2016-09-30,257,사용,37.787270,사용,1523,05:00 ~ 23:30
127.74696,2025-11-14,LCD(거치형),포스코후문,2016-09-30,258,사용,37.881570,사용,1103,05:00 ~ 23:30
127.64813,2025-11-14,LCD(거치형),창촌3거리,2017-06-04,259,사용,37.787120,사용,1524,05:00 ~ 23:30
127.68997,2025-11-14,LED(거치형),애니메이션박물관,2024-06-05,260,미사용,37.892590,사용,1675,05:00 ~ 23:30
127.72695,2025-11-14,LCD(거치형),퇴계일성A,2018-08-14,261,사용,37.866120,사용,2291,05:00 ~ 23:30
127.7274,2025-11-14,LCD(거치형),케이티앤지,2018-08-14,262,사용,37.861500,사용,2318,05:00 ~ 23:30
127.75322,2025-11-14,LCD(거치형),산림조합강원본부,2018-08-14,263,사용,37.886990,사용,1003,05:00 ~ 23:30
127.73827,2025-11-14,LCD(거치형),강원도재활병원,2018-08-14,264,사용,37.903550,사용,1066,05:00 ~ 23:30
127.74735,2025-11-14,LCD(거치형),현진에버빌1차,2018-11-22,265,사용,37.850340,사용,1661,05:00 ~ 23:30
127.77287,2025-11-14,LCD(거치형),춘천국유림관리소,2018-11-22,266,사용,37.930500,사용,1421,05:00 ~ 23:30
127.72493,2025-11-14,LCD(거치형),소양강처녀상,2019-11-10,267,사용,37.893200,사용,2287,05:00 ~ 23:30
127.74892,2025-11-14,LCD(거치형),한국전력공사입구,2019-11-10,268,사용,37.883540,사용,1087,05:00 ~ 23:30
127.73673,2025-11-14,LCD(거치형),중앙하이츠1차,2019-11-10,269,사용,37.854450,사용,1744,05:00 ~ 23:30
127.74137,2025-11-14,LCD(독립형),강원대백록관,2019-11-10,270,미사용,37.868610,사용,2631,05:00 ~ 23:30
127.72584,2025-11-14,LCD(거치형),뉴시티코아루A,2021-08-31,271,사용,37.912780,사용,2614,05:00 ~ 23:30
127.73241,2025-11-14,LCD(거치형),새마을고개,2019-11-10,272,사용,37.871070,사용,2152,05:00 ~ 23:30
127.72975,2025-11-14,LED(거치형),한숲시티A,2020-03-18,273,미사용,37.853370,사용,2728,05:00 ~ 23:30
127.72947,2025-11-14,LED(거치형),한숲시티A,2020-03-18,274,미사용,37.853160,사용,2729,05:00 ~ 23:30
127.74614,2025-11-14,LED(거치형),샘밭장터,2020-05-29,275,미사용,37.924500,사용,2734,05:00 ~ 23:30
127.67012,2025-11-14,LED(거치형),방동1리,2020-12-16,276,미사용,37.896970,사용,1436,05:00 ~ 23:30
127.73559,2025-11-14,LED(거치형),(구)농업기술원,2020-12-16,277,미사용,37.900560,사용,1932,05:00 ~ 23:30
127.718772,2025-11-14,PDP,시외버스터미널,2009-06-30,278,미사용,37.863302,사용,시외버스터미널 내부,05:00 ~ 23:30
127.70841,2025-11-14,PDP,시립청소년도서관,2023-10-01,279,미사용,37.871370,사용,청소년도서관 내부,05:00 ~ 23:30
127.75158,2025-11-14,PDP,면허시험장입구,2009-10-31,280,미사용,37.945500,사용,면허시험장 내부,05:00 ~ 23:30
127.72668,2025-11-14,PDP,명동입구,2023-10-01,281,미사용,37.879710,사용,지하상가 내부,05:00 ~ 23:30
127.75526,2025-11-14,PDP,호반체육관,2017-11-17,282,미사용,37.865410,사용,호반체육관 내부,05:00 ~ 23:30
127.76073,2025-11-14,LCD(거치형),동면만천농협,2021-07-17,283,사용,37.881920,사용,1830,05:00 ~ 23:30
127.72404,2025-11-14,LCD(거치형),서부시장,2021-07-17,284,사용,37.885810,사용,2141,05:00 ~ 23:30
127.7547,2025-11-14,LCD(거치형),초록지붕6차,2021-07-17,285,사용,37.880770,사용,2100,05:00 ~ 23:30
127.72106,2025-11-14,LCD(거치형),인형극장앞,2021-07-17,286,사용,37.921050,사용,2836,05:00 ~ 23:30
127.7437,2025-11-14,LCD(거치형),세경3차,2021-07-17,287,사용,37.884510,사용,2102,05:00 ~ 23:30
127.743,2025-11-14,LCD(거치형),퇴계주공6단지,2021-07-17,288,사용,37.851240,사용,1660,05:00 ~ 23:30
127.7242,2025-11-14,LCD(거치형),중앙로입구,2016-09-30,289,사용,37.877490,사용,1745,05:00 ~ 23:30
127.72308,2025-11-14,LCD(거치형),중앙로입구,7430-05-02,290,사용,37.877070,사용,1011,05:00 ~ 23:30
127.74112,2025-11-14,LED(거치형),퇴계주공6차,2023-11-01,291,미사용,37.851190,사용,1123,05:00 ~ 23:30
127.73783,2025-11-14,LED(거치형),강원대정문,2023-11-01,292,미사용,37.866520,사용,2632,05:00 ~ 23:30
127.7416,2025-11-14,LED(거치형),봉의중학교,2023-11-01,293,미사용,37.879120,사용,2205,05:00 ~ 23:30
127.71534,2025-11-14,LED(거치형),춘천역육교앞,2023-11-01,294,미사용,37.884790,사용,1961,05:00 ~ 23:30
127.72193,2025-11-14,LCD(거치형),남춘천초교,2023-11-01,295,사용,37.860450,사용,1940,05:00 ~ 23:30
127.73566,2025-11-14,LED(거치형),홈플러스,2023-11-01,296,미사용,37.850830,사용,1116,05:00 ~ 23:30
127.75204,2025-11-14,LED(거치형),전인고등학교,2024-06-05,297,미사용,37.787550,사용,1357,05:00 ~ 23:30
127.74002,2025-11-14,LED(독립형),성심경로당,2024-06-05,298,미사용,37.881210,사용,2251,05:00 ~ 23:30
127.74071,2025-11-14,LED(독립형),춘천청소년수련관,2024-06-05,299,미사용,37.874330,사용,1996,05:00 ~ 23:30
127.7246,2025-11-14,LED(거치형),남부사거리,2024-06-05,300,미사용,37.871540,사용,1670,05:00 ~ 23:30
127.72056,2025-11-14,LED(거치형),남춘천여중,2024-06-05,301,미사용,37.858300,사용,2611,05:00 ~ 23:30
127.72104,2025-11-14,LED(거치형),남춘천여중,2024-06-05,302,미사용,37.857880,사용,1612,05:00 ~ 23:30
127.72081,2025-11-14,LED(거치형),방송통신대앞,2024-06-05,303,미사용,37.871930,사용,2606,05:00 ~ 23:30
127.75764,2025-11-14,LCD(거치형),후평주공4단지후문,2022-10-07,304,사용,37.874900,사용,1022,05:00 ~ 23:30
127.707,2025-11-14,LCD(거치형),삼천동사거리,2023-11-01,305,사용,37.869410,사용,2167,05:00 ~ 23:30
127.72134,2025-11-14,LCD(거치형),온의사거리,2023-11-01,306,사용,37.865780,사용,1628,05:00 ~ 23:30
127.72328,2025-11-14,LED(거치형),화목원,2023-11-01,307,미사용,37.922210,사용,1043,05:00 ~ 23:30
127.75171,2025-11-14,LED(거치형),동광주유소,2023-02-20,308,미사용,37.889880,사용,1882,05:00 ~ 23:30
127.78027,2025-11-14,LCD(거치형),천전3리,2022-07-24,309,사용,37.929910,사용,1419,05:00 ~ 23:30
127.75018,2025-11-14,LED(거치형),우석초교,2023-02-20,310,미사용,37.865000,사용,1608,05:00 ~ 23:30
127.7078,2025-11-14,LCD(거치형),파크자이A,2022-09-05,311,사용,37.868050,사용,2405,05:00 ~ 23:30
127.74608,2025-11-14,LCD(거치형),퇴계주공4차,2023-11-01,312,사용,37.854720,사용,1126,05:00 ~ 23:30
127.75605,2025-11-14,LCD(거치형),그랜드A,2023-11-01,313,사용,37.866960,사용,1610,05:00 ~ 23:30
127.72678,2025-11-14,LCD(거치형),퇴계일성A,2018-08-14,314,사용,37.866210,사용,2291,05:00 ~ 23:30
127.73524,2025-11-14,LED(거치형),홈플러스,2020-05-29,315,미사용,37.850790,사용,2278,05:00 ~ 23:30
127.72821,2025-11-14,LCD(거치형),두미르A,2017-06-04,316,사용,37.902020,사용,1852,05:00 ~ 23:30
127.73103,2025-11-14,LED(거치형),교대부설초교,2023-11-01,317,미사용,37.869840,사용,2202,05:00 ~ 23:30
127.74057,2025-11-14,LCD(거치형),휴먼타운A,2017-06-04,318,사용,37.854360,사용,1124,05:00 ~ 23:30
127.70712,2025-11-14,LED(거치형),하사관주택,2023-11-01,319,미사용,37.864560,사용,1098,05:00 ~ 23:30
127.67859,2025-11-14,LED(거치형),한강수력본부,2023-11-01,320,미사용,37.962610,사용,1617,05:00 ~ 23:30
127.735493,2025-11-14,LED(거치형),파크에뷰A,2024-10-30,321,미사용,37.910588,사용,1413,05:00 ~ 23:30
127.732463,2025-11-14,LED(거치형),롯데캐슬더퍼스트,2024-10-30,322,미사용,37.908506,사용,1742,05:00 ~ 23:30
?127.718577,2025-11-14,LED(거치형),온의롯데캐슬,2024-10-30,323,미사용,37.869307,사용,1050,05:00 ~ 23:30
127.717421,2025-11-14,LED(거치형),시외버스터미널,2024-10-30,324,미사용,37.863303,사용,2056,05:00 ~ 23:30
127.730882,2025-11-14,LED(거치형),유승한내들,2024-10-30,325,미사용,37.861954,사용,1567,05:00 ~ 23:30
?127.756817,2025-11-14,LCD(거치형),모아엘가비스타,2021-04-15,326,사용,37.841912,사용,2150,05:00 ~ 23:30
?127.757124,2025-11-14,LCD(거치형),모아엘가비스타,2021-04-15,327,사용,37.841954,사용,2252,05:00 ~ 23:30
127.756103,2025-11-14,LCD(거치형),모아엘가그랑데,2021-04-15,328,사용,37.839406,사용,2254,05:00 ~ 23:30
127.756353,2025-11-14,LCD(거치형),모아엘가그랑데,2021-04-15,329,사용,37.839254,사용,2255,05:00 ~ 23:30
127.755566,2025-11-14,스마트정류장 키오스크,장학교차로,2022-09-01,330,미사용,37.893796,사용,2505,05:00 ~ 23:30
127.72499,2025-11-14,스마트정류장 키오스크,호반환승센터,2022-09-01,331,미사용,37.893520,사용,2286,05:00 ~ 23:30
127.737286,2025-11-14,스마트정류장 키오스크,한림대학교,2022-09-01,332,미사용,37.883117,사용,1084,05:00 ~ 23:30
127.71985,2025-11-14,스마트정류장 키오스크,시외버스터미널,2009-06-30,333,미사용,37.864319,사용,2058,05:00 ~ 23:30
127.719973,2025-11-14,스마트정류장 키오스크,시외버스터미널,2022-09-01,334,미사용,37.863724,사용,2057,05:00 ~ 23:30
127.730912,2025-11-14,스마트정류장 키오스크,롯데인벤스,2022-09-01,335,미사용,37.899827,사용,1845,05:00 ~ 23:30
127.751076,2025-11-14,스마트정류장 키오스크,춘천한샘고등학교,2022-09-01,336,미사용,37.925236,사용,1362,05:00 ~ 23:30
127.749976,2025-11-14,스마트정류장 키오스크,충인교회,2022-09-01,337,미사용,37.879546,사용,1517,05:00 ~ 23:30
127.746456,2025-11-14,스마트정류장 키오스크,교육대학교,2022-09-01,338,미사용,37.858139,사용,1383,05:00 ~ 23:30
127.71775,2025-11-14,스마트정류장 키오스크,춘천역,2022-09-01,339,미사용,37.884935,사용,1164,05:00 ~ 23:30
127.718078,2025-11-14,스마트정류장 키오스크,춘천역,2022-09-01,340,미사용,37.885082,사용,2288,05:00 ~ 23:30
127.74416,2025-11-14,스마트정류장 키오스크,강원대후문,2022-09-01,341,미사용,37.872758,사용,1480,05:00 ~ 23:30
127.72659,2025-11-14,스마트정류장 키오스크,인성병원,2022-09-01,342,미사용,37.881090,사용,1532,05:00 ~ 23:30
127.744211,2025-11-14,스마트정류장 키오스크,뜨란채A,2022-09-01,343,미사용,37.849834,사용,1338,05:00 ~ 23:30
127.781483,2025-11-14,스마트정류장 키오스크,동면행정복지센터,2022-09-01,344,미사용,37.909965,사용,1875,05:00 ~ 23:30
127.715075,2025-11-14,스마트정류장 키오스크,김유정역,2022-09-02,345,미사용,37.817209,사용,2051,05:00 ~ 23:31
