수집일자,노선아이디,노선번호,정류장아이디,정류장명,이용시간대,승차건수,하차건수,데이터 기준일자
2025-06-25,42403172,100,4240865,강원대후문,9,0,4,2025-12-09
2025-06-25,42403177,300,4240010,남춘천역,9,2,50,2025-12-09
2025-06-25,42403177,300,4240156,한림대학교,9,10,6,2025-12-09
2025-06-25,42403177,300,4240865,강원대후문,9,0,2,2025-12-09
2025-06-25,42403177,300,4240866,강원대후문,9,8,0,2025-12-09
2025-06-25,42403177,300,4242090,한림대학교,9,6,18,2025-12-09
2025-06-25,42403177,300,4242386,남춘천역,9,28,1,2025-12-09
2025-06-25,42403195,10,4240156,한림대학교,9,10,0,2025-12-09
2025-06-25,42403195,10,4240972,명동입구,9,8,12,2025-12-09
2025-06-25,42403198,11,4240010,남춘천역,9,18,4,2025-12-09
2025-06-25,42403198,11,4240972,명동입구,9,4,14,2025-12-09
2025-06-25,42403198,11,4242386,남춘천역,9,2,1,2025-12-09
2025-06-25,42403201,12,4240156,한림대학교,9,6,0,2025-12-09
2025-06-25,42403201,12,4242090,한림대학교,9,2,2,2025-12-09
2025-06-25,42403172,100,4240020,남춘천역,10,8,2,2025-12-09
2025-06-25,42403172,100,4240865,강원대후문,10,0,2,2025-12-09
2025-06-25,42403177,300,4240010,남춘천역,10,6,38,2025-12-09
2025-06-25,42403177,300,4240156,한림대학교,10,28,6,2025-12-09
2025-06-25,42403177,300,4240865,강원대후문,10,6,2,2025-12-09
2025-06-25,42403177,300,4240866,강원대후문,10,20,0,2025-12-09
2025-06-25,42403177,300,4242090,한림대학교,10,0,10,2025-12-09
2025-06-25,42403177,300,4242386,남춘천역,10,17,0,2025-12-09
2025-06-25,42403195,10,4240156,한림대학교,10,8,0,2025-12-09
2025-06-25,42403195,10,4240972,명동입구,10,16,12,2025-12-09
2025-06-25,42403198,11,4240010,남춘천역,10,10,0,2025-12-09
2025-06-25,42403198,11,4240972,명동입구,10,8,12,2025-12-09
2025-06-25,42403198,11,4242386,남춘천역,10,0,1,2025-12-09
2025-06-25,42403201,12,4240156,한림대학교,10,8,0,2025-12-09
2025-06-25,42403201,12,4242090,한림대학교,10,2,0,2025-12-09
2025-06-25,42403172,100,4240020,남춘천역,11,18,4,2025-12-09
2025-06-25,42403177,300,4240010,남춘천역,11,12,38,2025-12-09
2025-06-25,42403177,300,4240156,한림대학교,11,18,12,2025-12-09
2025-06-25,42403177,300,4240866,강원대후문,11,2,0,2025-12-09
2025-06-25,42403177,300,4242090,한림대학교,11,0,4,2025-12-09
2025-06-25,42403177,300,4242386,남춘천역,11,4,1,2025-12-09
2025-06-25,42403195,10,4240156,한림대학교,11,22,0,2025-12-09
2025-06-25,42403195,10,4240972,명동입구,11,22,24,2025-12-09
2025-06-25,42403198,11,4240972,명동입구,11,6,12,2025-12-09
2025-06-25,42403198,11,4242061,팔호광장,11,0,2,2025-12-09
2025-06-25,42403198,11,4242386,남춘천역,11,6,0,2025-12-09
2025-06-25,42403201,12,4240156,한림대학교,11,8,0,2025-12-09
2025-06-25,42403201,12,4242090,한림대학교,11,0,2,2025-12-09
2025-06-25,42403172,100,4240865,강원대후문,12,2,0,2025-12-09
2025-06-25,42403177,300,4240156,한림대학교,12,18,0,2025-12-09
2025-06-25,42403177,300,4240865,강원대후문,12,4,8,2025-12-09
2025-06-25,42403177,300,4240866,강원대후문,12,4,0,2025-12-09
2025-06-25,42403177,300,4242090,한림대학교,12,6,2,2025-12-09
2025-06-25,42403177,300,4242386,남춘천역,12,7,0,2025-12-09
2025-06-25,42403195,10,4240156,한림대학교,12,2,0,2025-12-09
2025-06-25,42403195,10,4240972,명동입구,12,30,12,2025-12-09
2025-06-25,42403198,11,4240010,남춘천역,12,6,0,2025-12-09
2025-06-25,42403198,11,4240199,팔호광장,12,2,0,2025-12-09
2025-06-25,42403198,11,4240972,명동입구,12,8,14,2025-12-09
2025-06-25,42403198,11,4242386,남춘천역,12,2,1,2025-12-09
2025-06-25,42403201,12,4240156,한림대학교,12,0,2,2025-12-09
2025-06-25,42403201,12,4242090,한림대학교,12,2,16,2025-12-09
2025-06-25,42403172,100,4240020,남춘천역,13,6,0,2025-12-09
2025-06-25,42403177,300,4240010,남춘천역,13,6,36,2025-12-09
2025-06-25,42403177,300,4240156,한림대학교,13,8,2,2025-12-09
2025-06-25,42403177,300,4240865,강원대후문,13,0,4,2025-12-09
2025-06-25,42403177,300,4240866,강원대후문,13,4,0,2025-12-09
2025-06-25,42403177,300,4242090,한림대학교,13,12,6,2025-12-09
2025-06-25,42403177,300,4242386,남춘천역,13,9,1,2025-12-09
2025-06-25,42403195,10,4240156,한림대학교,13,8,0,2025-12-09
2025-06-25,42403195,10,4240972,명동입구,13,18,20,2025-12-09
2025-06-25,42403198,11,4240010,남춘천역,13,4,4,2025-12-09
2025-06-25,42403198,11,4240972,명동입구,13,8,4,2025-12-09
2025-06-25,42403198,11,4242386,남춘천역,13,0,1,2025-12-09
2025-06-25,42403201,12,4240156,한림대학교,13,6,0,2025-12-09
2025-06-25,42403201,12,4242090,한림대학교,13,0,8,2025-12-09
2025-06-25,42403172,100,4240865,강원대후문,14,2,0,2025-12-09
2025-06-25,42403177,300,4240010,남춘천역,14,12,24,2025-12-09
2025-06-25,42403177,300,4240156,한림대학교,14,28,8,2025-12-09
2025-06-25,42403177,300,4240865,강원대후문,14,8,14,2025-12-09
2025-06-25,42403177,300,4240866,강원대후문,14,16,0,2025-12-09
2025-06-25,42403177,300,4242090,한림대학교,14,4,4,2025-12-09
2025-06-25,42403177,300,4242386,남춘천역,14,18,1,2025-12-09
2025-06-25,42403195,10,4240156,한림대학교,14,28,2,2025-12-09
2025-06-25,42403195,10,4240972,명동입구,14,12,22,2025-12-09
2025-06-25,42403198,11,4240972,명동입구,14,12,20,2025-12-09
2025-06-25,42403198,11,4242061,팔호광장,14,0,2,2025-12-09
2025-06-25,42403198,11,4242386,남춘천역,14,3,3,2025-12-09
2025-06-25,42403201,12,4240156,한림대학교,14,2,0,2025-12-09
2025-06-25,42403172,100,4240020,남춘천역,15,34,4,2025-12-09
2025-06-25,42403177,300,4240010,남춘천역,15,22,50,2025-12-09
2025-06-25,42403177,300,4240156,한림대학교,15,38,2,2025-12-09
2025-06-25,42403177,300,4240865,강원대후문,15,6,8,2025-12-09
2025-06-25,42403177,300,4240866,강원대후문,15,14,0,2025-12-09
2025-06-25,42403177,300,4242090,한림대학교,15,8,2,2025-12-09
2025-06-25,42403177,300,4242386,남춘천역,15,22,0,2025-12-09
2025-06-25,42403195,10,4240156,한림대학교,15,36,0,2025-12-09
2025-06-25,42403195,10,4240972,명동입구,15,72,42,2025-12-09
2025-06-25,42403198,11,4240010,남춘천역,15,8,0,2025-12-09
2025-06-25,42403198,11,4240199,팔호광장,15,0,2,2025-12-09
2025-06-25,42403201,12,4240156,한림대학교,15,22,0,2025-12-09
2025-06-25,42403201,12,4242090,한림대학교,15,0,10,2025-12-09
2025-06-25,42403172,100,4240020,남춘천역,16,10,0,2025-12-09
2025-06-25,42403172,100,4240865,강원대후문,16,2,2,2025-12-09
2025-06-25,42403177,300,4240010,남춘천역,16,10,48,2025-12-09
2025-06-25,42403177,300,4240156,한림대학교,16,52,12,2025-12-09
2025-06-25,42403177,300,4240865,강원대후문,16,12,10,2025-12-09
2025-06-25,42403177,300,4240866,강원대후문,16,16,2,2025-12-09
2025-06-25,42403177,300,4242090,한림대학교,16,62,6,2025-12-09
2025-06-25,42403177,300,4242386,남춘천역,16,18,0,2025-12-09
2025-06-25,42403195,10,4240156,한림대학교,16,58,2,2025-12-09
2025-06-25,42403195,10,4240972,명동입구,16,24,12,2025-12-09
2025-06-25,42403198,11,4240010,남춘천역,16,8,2,2025-12-09
2025-06-25,42403201,12,4240156,한림대학교,16,8,0,2025-12-09
2025-06-25,42403201,12,4242090,한림대학교,16,6,4,2025-12-09
2025-06-25,42403172,100,4240020,남춘천역,17,8,4,2025-12-09
2025-06-25,42403177,300,4240010,남춘천역,17,2,54,2025-12-09
2025-06-25,42403177,300,4240156,한림대학교,17,20,6,2025-12-09
2025-06-25,42403177,300,4240865,강원대후문,17,6,6,2025-12-09
2025-06-25,42403177,300,4240866,강원대후문,17,36,0,2025-12-09
2025-06-25,42403177,300,4242090,한림대학교,17,50,4,2025-12-09
2025-06-25,42403177,300,4242386,남춘천역,17,23,2,2025-12-09
2025-06-25,42403195,10,4240156,한림대학교,17,16,0,2025-12-09
2025-06-25,42403195,10,4240972,명동입구,17,22,16,2025-12-09
2025-06-25,42403198,11,4240972,명동입구,17,8,16,2025-12-09
2025-06-25,42403198,11,4242386,남춘천역,17,3,3,2025-12-09
2025-06-25,42403201,12,4240156,한림대학교,17,12,0,2025-12-09
2025-06-25,42403172,100,4240020,남춘천역,18,2,0,2025-12-09
2025-06-25,42403177,300,4240010,남춘천역,18,4,78,2025-12-09
2025-06-25,42403177,300,4240156,한림대학교,18,20,4,2025-12-09
2025-06-25,42403177,300,4240865,강원대후문,18,0,14,2025-12-09
2025-06-25,42403177,300,4240866,강원대후문,18,18,6,2025-12-09
2025-06-25,42403177,300,4242090,한림대학교,18,12,2,2025-12-09
2025-06-25,42403177,300,4242386,남춘천역,18,21,1,2025-12-09
2025-06-25,42403195,10,4240156,한림대학교,18,18,6,2025-12-09
2025-06-25,42403195,10,4240972,명동입구,18,60,18,2025-12-09
2025-06-25,42403198,11,4240010,남춘천역,18,18,4,2025-12-09
2025-06-25,42403201,12,4240156,한림대학교,18,4,2,2025-12-09
2025-06-25,42403201,12,4242090,한림대학교,18,0,4,2025-12-09
2025-06-25,42403172,100,4240020,남춘천역,19,12,0,2025-12-09
2025-06-25,42403172,100,4240865,강원대후문,19,0,6,2025-12-09
2025-06-25,42403177,300,4240010,남춘천역,19,20,20,2025-12-09
2025-06-25,42403177,300,4240156,한림대학교,19,6,2,2025-12-09
2025-06-25,42403177,300,4240865,강원대후문,19,4,10,2025-12-09
2025-06-25,42403177,300,4240866,강원대후문,19,6,6,2025-12-09
2025-06-25,42403177,300,4242090,한림대학교,19,8,6,2025-12-09
2025-06-25,42403177,300,4242386,남춘천역,19,23,1,2025-12-09
2025-06-25,42403195,10,4240156,한림대학교,19,12,0,2025-12-09
2025-06-25,42403195,10,4240972,명동입구,19,10,4,2025-12-09
2025-06-25,42403198,11,4240010,남춘천역,19,4,2,2025-12-09
2025-06-25,42403201,12,4240156,한림대학교,19,4,0,2025-12-09
2025-06-25,42403201,12,4242090,한림대학교,19,0,2,2025-12-09
2025-06-25,42403172,100,4240020,남춘천역,20,6,2,2025-12-09
2025-06-25,42403172,100,4240865,강원대후문,20,0,8,2025-12-09
2025-06-25,42403177,300,4240010,남춘천역,20,10,12,2025-12-09
2025-06-25,42403177,300,4240156,한림대학교,20,26,8,2025-12-09
2025-06-25,42403177,300,4240865,강원대후문,20,4,6,2025-12-09
2025-06-25,42403177,300,4240866,강원대후문,20,10,0,2025-12-09
2025-06-25,42403177,300,4242090,한림대학교,20,6,0,2025-12-09
2025-06-25,42403177,300,4242386,남춘천역,20,8,0,2025-12-09
2025-06-25,42403195,10,4240156,한림대학교,20,28,2,2025-12-09
2025-06-25,42403195,10,4240972,명동입구,20,20,6,2025-12-09
2025-06-25,42403198,11,4240972,명동입구,20,8,22,2025-12-09
2025-06-25,42403198,11,4242061,팔호광장,20,0,2,2025-12-09
2025-06-25,42403198,11,4242386,남춘천역,20,2,0,2025-12-09
2025-06-25,42403201,12,4240156,한림대학교,20,4,0,2025-12-09
2025-06-25,42403201,12,4242090,한림대학교,20,2,12,2025-12-09
2025-06-25,42403172,100,4240865,강원대후문,21,0,2,2025-12-09
2025-06-25,42403177,300,4240010,남춘천역,21,6,2,2025-12-09
2025-06-25,42403177,300,4240156,한림대학교,21,6,0,2025-12-09
2025-06-25,42403177,300,4240865,강원대후문,21,4,2,2025-12-09
2025-06-25,42403177,300,4240866,강원대후문,21,8,2,2025-12-09
2025-06-25,42403177,300,4242090,한림대학교,21,6,4,2025-12-09
2025-06-25,42403177,300,4242386,남춘천역,21,30,0,2025-12-09
2025-06-25,42403195,10,4240156,한림대학교,21,14,10,2025-12-09
2025-06-25,42403195,10,4240972,명동입구,21,32,8,2025-12-09
2025-06-25,42403172,100,4240020,남춘천역,22,4,2,2025-12-09
2025-06-25,42403177,300,4240010,남춘천역,22,16,4,2025-12-09
2025-06-25,42403177,300,4240156,한림대학교,22,10,12,2025-12-09
2025-06-25,42403177,300,4240865,강원대후문,22,6,6,2025-12-09
2025-06-25,42403177,300,4240866,강원대후문,22,10,0,2025-12-09
2025-06-25,42403177,300,4242386,남춘천역,22,10,0,2025-12-09
2025-06-25,42403195,10,4240156,한림대학교,22,6,0,2025-12-09
2025-06-25,42403195,10,4240972,명동입구,22,28,0,2025-12-09
2025-06-25,42403198,11,4240010,남춘천역,22,2,0,2025-12-09
2025-06-25,42403177,300,4240156,한림대학교,23,2,2,2025-12-09
2025-06-25,42403198,11,4242386,남춘천역,23,2,0,2025-12-09
2025-06-26,42403201,12,4240156,한림대학교,5,2,0,2025-12-09
2025-06-26,42403177,300,4242090,한림대학교,6,0,2,2025-12-09
2025-06-26,42403201,12,4240156,한림대학교,6,0,2,2025-12-09
2025-06-26,42403201,12,4242090,한림대학교,6,0,8,2025-12-09
2025-06-26,42403172,100,4240020,남춘천역,7,2,2,2025-12-09
2025-06-26,42403172,100,4240865,강원대후문,7,0,2,2025-12-09
2025-06-26,42403177,300,4240010,남춘천역,7,4,20,2025-12-09
2025-06-26,42403177,300,4240156,한림대학교,7,2,0,2025-12-09
2025-06-26,42403177,300,4240866,강원대후문,7,6,0,2025-12-09
2025-06-26,42403177,300,4242090,한림대학교,7,2,2,2025-12-09
2025-06-26,42403177,300,4242386,남춘천역,7,5,1,2025-12-09
2025-06-26,42403195,10,4240156,한림대학교,7,4,0,2025-12-09
2025-06-26,42403195,10,4240972,명동입구,7,14,8,2025-12-09
2025-06-26,42403198,11,4240010,남춘천역,7,4,2,2025-12-09
2025-06-26,42403198,11,4240199,팔호광장,7,8,0,2025-12-09
2025-06-26,42403172,100,4240020,남춘천역,8,0,2,2025-12-09
2025-06-26,42403177,300,4240010,남춘천역,8,14,26,2025-12-09
2025-06-26,42403177,300,4240156,한림대학교,8,6,14,2025-12-09
2025-06-26,42403177,300,4240865,강원대후문,8,8,8,2025-12-09
2025-06-26,42403177,300,4240866,강원대후문,8,12,2,2025-12-09
2025-06-26,42403177,300,4242090,한림대학교,8,6,18,2025-12-09
2025-06-26,42403177,300,4242386,남춘천역,8,27,1,2025-12-09
2025-06-26,42403195,10,4240156,한림대학교,8,10,2,2025-12-09
2025-06-26,42403195,10,4240972,명동입구,8,4,6,2025-12-09
2025-06-26,42403198,11,4240010,남춘천역,8,12,2,2025-12-09
2025-06-26,42403198,11,4240199,팔호광장,8,2,0,2025-12-09
2025-06-26,42403201,12,4240156,한림대학교,8,8,0,2025-12-09
2025-06-26,42403201,12,4242090,한림대학교,8,6,28,2025-12-09
2025-06-26,42403177,300,4240010,남춘천역,9,14,26,2025-12-09
2025-06-26,42403177,300,4240156,한림대학교,9,8,0,2025-12-09
2025-06-26,42403177,300,4240865,강원대후문,9,2,4,2025-12-09
2025-06-26,42403177,300,4240866,강원대후문,9,8,0,2025-12-09
2025-06-26,42403177,300,4242090,한림대학교,9,4,26,2025-12-09
2025-06-26,42403177,300,4242386,남춘천역,9,7,2,2025-12-09
2025-06-26,42403195,10,4240156,한림대학교,9,18,0,2025-12-09
2025-06-26,42403195,10,4240972,명동입구,9,4,16,2025-12-09
2025-06-26,42403198,11,4240010,남춘천역,9,0,4,2025-12-09
2025-06-26,42403198,11,4240199,팔호광장,9,2,0,2025-12-09
2025-06-26,42403198,11,4240972,명동입구,9,2,16,2025-12-09
2025-06-26,42403198,11,4242061,팔호광장,9,0,2,2025-12-09
2025-06-26,42403198,11,4242386,남춘천역,9,0,1,2025-12-09
2025-06-26,42403201,12,4240156,한림대학교,9,4,2,2025-12-09
2025-06-26,42403201,12,4242090,한림대학교,9,2,4,2025-12-09
2025-06-26,42403172,100,4240020,남춘천역,10,4,0,2025-12-09
2025-06-26,42403177,300,4240010,남춘천역,10,8,30,2025-12-09
2025-06-26,42403177,300,4240156,한림대학교,10,14,6,2025-12-09
2025-06-26,42403177,300,4240865,강원대후문,10,2,8,2025-12-09
2025-06-26,42403177,300,4240866,강원대후문,10,10,2,2025-12-09
2025-06-26,42403177,300,4242090,한림대학교,10,8,8,2025-12-09
2025-06-26,42403177,300,4242386,남춘천역,10,13,1,2025-12-09
2025-06-26,42403195,10,4240156,한림대학교,10,18,0,2025-12-09
2025-06-26,42403195,10,4240972,명동입구,10,8,24,2025-12-09
2025-06-26,42403198,11,4240010,남춘천역,10,10,4,2025-12-09
2025-06-26,42403198,11,4240199,팔호광장,10,2,0,2025-12-09
2025-06-26,42403198,11,4240972,명동입구,10,4,2,2025-12-09
2025-06-26,42403198,11,4242061,팔호광장,10,4,2,2025-12-09
2025-06-26,42403198,11,4242386,남춘천역,10,3,2,2025-12-09
2025-06-26,42403201,12,4240156,한림대학교,10,8,0,2025-12-09
2025-06-26,42403201,12,4242090,한림대학교,10,0,6,2025-12-09
2025-06-26,42403172,100,4240020,남춘천역,11,4,2,2025-12-09
2025-06-26,42403177,300,4240010,남춘천역,11,16,34,2025-12-09
2025-06-26,42403177,300,4240156,한림대학교,11,40,12,2025-12-09
2025-06-26,42403177,300,4240865,강원대후문,11,2,6,2025-12-09
2025-06-26,42403177,300,4240866,강원대후문,11,14,0,2025-12-09
2025-06-26,42403177,300,4242090,한림대학교,11,6,2,2025-12-09
2025-06-26,42403177,300,4242386,남춘천역,11,5,2,2025-12-09
2025-06-26,42403195,10,4240156,한림대학교,11,10,0,2025-12-09
2025-06-26,42403195,10,4240972,명동입구,11,10,8,2025-12-09
2025-06-26,42403198,11,4240972,명동입구,11,4,0,2025-12-09
2025-06-26,42403201,12,4240156,한림대학교,11,6,0,2025-12-09
2025-06-26,42403201,12,4242090,한림대학교,11,0,8,2025-12-09
2025-06-26,42403177,300,4240010,남춘천역,12,4,10,2025-12-09
2025-06-26,42403177,300,4240156,한림대학교,12,20,4,2025-12-09
2025-06-26,42403177,300,4240865,강원대후문,12,2,6,2025-12-09
2025-06-26,42403177,300,4240866,강원대후문,12,4,6,2025-12-09
2025-06-26,42403177,300,4242090,한림대학교,12,10,14,2025-12-09
2025-06-26,42403177,300,4242386,남춘천역,12,12,3,2025-12-09
2025-06-26,42403195,10,4240156,한림대학교,12,12,4,2025-12-09
2025-06-26,42403195,10,4240972,명동입구,12,8,8,2025-12-09
2025-06-26,42403198,11,4240010,남춘천역,12,16,10,2025-12-09
2025-06-26,42403198,11,4240972,명동입구,12,6,2,2025-12-09
2025-06-26,42403198,11,4242386,남춘천역,12,6,1,2025-12-09
2025-06-26,42403201,12,4240156,한림대학교,12,10,0,2025-12-09
2025-06-26,42403201,12,4242090,한림대학교,12,2,4,2025-12-09
2025-06-26,42403172,100,4240020,남춘천역,13,8,0,2025-12-09
2025-06-26,42403172,100,4240865,강원대후문,13,4,2,2025-12-09
2025-06-26,42403177,300,4240010,남춘천역,13,16,30,2025-12-09
2025-06-26,42403177,300,4240156,한림대학교,13,16,2,2025-12-09
2025-06-26,42403177,300,4240865,강원대후문,13,0,8,2025-12-09
2025-06-26,42403177,300,4240866,강원대후문,13,14,2,2025-12-09
2025-06-26,42403177,300,4242090,한림대학교,13,2,0,2025-12-09
2025-06-26,42403177,300,4242386,남춘천역,13,18,0,2025-12-09
2025-06-26,42403195,10,4240156,한림대학교,13,8,0,2025-12-09
2025-06-26,42403195,10,4240972,명동입구,13,30,2,2025-12-09
2025-06-26,42403198,11,4240010,남춘천역,13,10,2,2025-12-09
2025-06-26,42403198,11,4240972,명동입구,13,12,10,2025-12-09
2025-06-26,42403198,11,4242386,남춘천역,13,5,1,2025-12-09
2025-06-26,42403201,12,4240156,한림대학교,13,2,0,2025-12-09
2025-06-26,42403201,12,4242090,한림대학교,13,0,20,2025-12-09
2025-06-26,42403177,300,4240010,남춘천역,14,8,20,2025-12-09
2025-06-26,42403177,300,4240156,한림대학교,14,22,4,2025-12-09
2025-06-26,42403177,300,4240865,강원대후문,14,6,4,2025-12-09
2025-06-26,42403177,300,4240866,강원대후문,14,4,2,2025-12-09
2025-06-26,42403177,300,4242090,한림대학교,14,4,4,2025-12-09
2025-06-26,42403177,300,4242386,남춘천역,14,14,0,2025-12-09
2025-06-26,42403195,10,4240156,한림대학교,14,22,0,2025-12-09
2025-06-26,42403195,10,4240972,명동입구,14,38,22,2025-12-09
2025-06-26,42403198,11,4240010,남춘천역,14,14,2,2025-12-09
2025-06-26,42403198,11,4240972,명동입구,14,0,8,2025-12-09
2025-06-26,42403198,11,4242061,팔호광장,14,2,14,2025-12-09
2025-06-26,42403198,11,4242386,남춘천역,14,2,0,2025-12-09
2025-06-26,42403201,12,4240156,한림대학교,14,8,4,2025-12-09
2025-06-26,42403201,12,4242090,한림대학교,14,0,2,2025-12-09
2025-06-26,42403172,100,4240020,남춘천역,15,16,2,2025-12-09
2025-06-26,42403172,100,4240865,강원대후문,15,0,2,2025-12-09
2025-06-26,42403177,300,4240010,남춘천역,15,14,42,2025-12-09
2025-06-26,42403177,300,4240156,한림대학교,15,8,2,2025-12-09
2025-06-26,42403177,300,4240865,강원대후문,15,4,4,2025-12-09
2025-06-26,42403177,300,4240866,강원대후문,15,40,4,2025-12-09
2025-06-26,42403177,300,4242090,한림대학교,15,36,4,2025-12-09
2025-06-26,42403177,300,4242386,남춘천역,15,14,3,2025-12-09
2025-06-26,42403195,10,4240156,한림대학교,15,6,0,2025-12-09
2025-06-26,42403195,10,4240972,명동입구,15,30,20,2025-12-09
2025-06-26,42403198,11,4240010,남춘천역,15,4,0,2025-12-09
2025-06-26,42403198,11,4240972,명동입구,15,12,4,2025-12-09
2025-06-26,42403198,11,4242386,남춘천역,15,6,2,2025-12-09
2025-06-26,42403201,12,4240156,한림대학교,15,8,0,2025-12-09
2025-06-26,42403201,12,4242090,한림대학교,15,0,8,2025-12-09
2025-06-26,42403177,300,4240010,남춘천역,16,16,54,2025-12-09
2025-06-26,42403177,300,4240156,한림대학교,16,42,10,2025-12-09
2025-06-26,42403177,300,4240865,강원대후문,16,8,10,2025-12-09
2025-06-26,42403177,300,4240866,강원대후문,16,26,0,2025-12-09
2025-06-26,42403177,300,4242090,한림대학교,16,64,2,2025-12-09
2025-06-26,42403177,300,4242386,남춘천역,16,19,0,2025-12-09
2025-06-26,42403195,10,4240156,한림대학교,16,90,2,2025-12-09
2025-06-26,42403195,10,4240972,명동입구,16,44,18,2025-12-09
2025-06-26,42403198,11,4240010,남춘천역,16,6,2,2025-12-09
2025-06-26,42403198,11,4240972,명동입구,16,6,8,2025-12-09
2025-06-26,42403198,11,4242061,팔호광장,16,0,2,2025-12-09
2025-06-26,42403201,12,4240156,한림대학교,16,8,0,2025-12-09
2025-06-26,42403201,12,4242090,한림대학교,16,6,2,2025-12-09
2025-06-26,42403172,100,4240020,남춘천역,17,26,2,2025-12-09
2025-06-26,42403172,100,4240865,강원대후문,17,2,0,2025-12-09
2025-06-26,42403177,300,4240010,남춘천역,17,14,94,2025-12-09
2025-06-26,42403177,300,4240156,한림대학교,17,16,6,2025-12-09
2025-06-26,42403177,300,4240865,강원대후문,17,4,6,2025-12-09
2025-06-26,42403177,300,4240866,강원대후문,17,20,6,2025-12-09
2025-06-26,42403177,300,4242090,한림대학교,17,30,4,2025-12-09
2025-06-26,42403177,300,4242386,남춘천역,17,29,1,2025-12-09
2025-06-26,42403195,10,4240156,한림대학교,17,16,2,2025-12-09
2025-06-26,42403195,10,4240972,명동입구,17,40,8,2025-12-09
2025-06-26,42403198,11,4240010,남춘천역,17,12,2,2025-12-09
2025-06-26,42403198,11,4240972,명동입구,17,4,26,2025-12-09
2025-06-26,42403198,11,4242386,남춘천역,17,6,6,2025-12-09
2025-06-26,42403201,12,4242090,한림대학교,17,2,6,2025-12-09
2025-06-26,42403177,300,4240010,남춘천역,18,8,70,2025-12-09
2025-06-26,42403177,300,4240156,한림대학교,18,36,10,2025-12-09
2025-06-26,42403177,300,4240865,강원대후문,18,8,14,2025-12-09
2025-06-26,42403177,300,4240866,강원대후문,18,26,4,2025-12-09
2025-06-26,42403177,300,4242090,한림대학교,18,12,8,2025-12-09
2025-06-26,42403177,300,4242386,남춘천역,18,9,0,2025-12-09
2025-06-26,42403195,10,4240156,한림대학교,18,30,2,2025-12-09
2025-06-26,42403195,10,4240972,명동입구,18,44,16,2025-12-09
2025-06-26,42403198,11,4240010,남춘천역,18,6,8,2025-12-09
2025-06-26,42403172,100,4240020,남춘천역,19,22,0,2025-12-09
2025-06-26,42403172,100,4240865,강원대후문,19,0,2,2025-12-09
2025-06-26,42403177,300,4240010,남춘천역,19,8,48,2025-12-09
2025-06-26,42403177,300,4240156,한림대학교,19,4,2,2025-12-09
2025-06-26,42403177,300,4240865,강원대후문,19,0,10,2025-12-09
2025-06-26,42403177,300,4240866,강원대후문,19,26,2,2025-12-09
2025-06-26,42403177,300,4242090,한림대학교,19,4,8,2025-12-09
2025-06-26,42403177,300,4242386,남춘천역,19,15,0,2025-12-09
2025-06-26,42403195,10,4240156,한림대학교,19,10,0,2025-12-09
2025-06-26,42403195,10,4240972,명동입구,19,18,6,2025-12-09
2025-06-26,42403198,11,4240972,명동입구,19,4,0,2025-12-09
2025-06-26,42403198,11,4242061,팔호광장,19,0,2,2025-12-09
2025-06-26,42403198,11,4242386,남춘천역,19,9,3,2025-12-09
2025-06-26,42403201,12,4240156,한림대학교,19,2,0,2025-12-09
2025-06-26,42403172,100,4240020,남춘천역,20,12,2,2025-12-09
2025-06-26,42403177,300,4240010,남춘천역,20,10,12,2025-12-09
2025-06-26,42403177,300,4240156,한림대학교,20,14,4,2025-12-09
2025-06-26,42403177,300,4240865,강원대후문,20,8,16,2025-12-09
2025-06-26,42403177,300,4240866,강원대후문,20,4,10,2025-12-09
2025-06-26,42403177,300,4242090,한림대학교,20,24,4,2025-12-09
2025-06-26,42403177,300,4242386,남춘천역,20,15,1,2025-12-09
2025-06-26,42403195,10,4240156,한림대학교,20,16,6,2025-12-09
2025-06-26,42403195,10,4240972,명동입구,20,14,4,2025-12-09
2025-06-26,42403198,11,4240010,남춘천역,20,8,6,2025-12-09
2025-06-26,42403198,11,4240199,팔호광장,20,6,0,2025-12-09
2025-06-26,42403198,11,4240972,명동입구,20,2,0,2025-12-09
2025-06-26,42403198,11,4242386,남춘천역,20,1,0,2025-12-09
2025-06-26,42403172,100,4240020,남춘천역,21,6,0,2025-12-09
2025-06-26,42403172,100,4240865,강원대후문,21,4,0,2025-12-09
2025-06-26,42403177,300,4240010,남춘천역,21,14,20,2025-12-09
2025-06-26,42403177,300,4240156,한림대학교,21,6,8,2025-12-09
2025-06-26,42403177,300,4240865,강원대후문,21,10,10,2025-12-09
2025-06-26,42403177,300,4240866,강원대후문,21,22,0,2025-12-09
2025-06-26,42403177,300,4242090,한림대학교,21,12,2,2025-12-09
2025-06-26,42403177,300,4242386,남춘천역,21,34,0,2025-12-09
2025-06-26,42403195,10,4240156,한림대학교,21,12,0,2025-12-09
2025-06-26,42403195,10,4240972,명동입구,21,18,6,2025-12-09
2025-06-26,42403198,11,4240010,남춘천역,21,2,2,2025-12-09
2025-06-26,42403177,300,4240010,남춘천역,22,6,2,2025-12-09
2025-06-26,42403177,300,4240156,한림대학교,22,4,6,2025-12-09
2025-06-26,42403177,300,4240865,강원대후문,22,4,4,2025-12-09
2025-06-26,42403177,300,4240866,강원대후문,22,2,0,2025-12-09
2025-06-26,42403177,300,4242090,한림대학교,22,4,0,2025-12-09
2025-06-26,42403177,300,4242386,남춘천역,22,26,0,2025-12-09
2025-06-26,42403195,10,4240156,한림대학교,22,2,0,2025-12-09
2025-06-26,42403195,10,4240972,명동입구,22,14,2,2025-12-09
2025-06-26,42403198,11,4240010,남춘천역,22,4,0,2025-12-09
2025-06-26,42403198,11,4240199,팔호광장,22,2,0,2025-12-09
2025-06-26,42403198,11,4240972,명동입구,22,4,0,2025-12-09
2025-06-26,42403198,11,4242061,팔호광장,22,4,4,2025-12-09
2025-06-26,42403198,11,4242386,남춘천역,22,1,3,2025-12-09
2025-06-26,42403198,11,4242061,팔호광장,23,0,4,2025-12-09
2025-06-26,42403198,11,4242386,남춘천역,23,3,1,2025-12-09
2025-06-27,42403201,12,4240156,한림대학교,5,2,0,2025-12-09
2025-06-27,42403177,300,4240010,남춘천역,6,0,2,2025-12-09
2025-06-27,42403177,300,4242090,한림대학교,6,0,2,2025-12-09
2025-06-27,42403201,12,4240156,한림대학교,6,2,2,2025-12-09
2025-06-27,42403201,12,4242090,한림대학교,6,0,2,2025-12-09
2025-06-27,42403172,100,4240020,남춘천역,7,6,0,2025-12-09
2025-06-27,42403172,100,4240865,강원대후문,7,2,2,2025-12-09
2025-06-27,42403177,300,4240010,남춘천역,7,0,8,2025-12-09
2025-06-27,42403177,300,4240865,강원대후문,7,0,2,2025-12-09
2025-06-27,42403177,300,4240866,강원대후문,7,4,0,2025-12-09
2025-06-27,42403177,300,4242090,한림대학교,7,2,6,2025-12-09
2025-06-27,42403177,300,4242386,남춘천역,7,4,0,2025-12-09
2025-06-27,42403195,10,4240972,명동입구,7,6,8,2025-12-09
2025-06-27,42403198,11,4240010,남춘천역,7,6,2,2025-12-09
2025-06-27,42403198,11,4240199,팔호광장,7,6,0,2025-12-09
2025-06-27,42403201,12,4242090,한림대학교,7,6,4,2025-12-09
2025-06-27,42403172,100,4240020,남춘천역,8,2,6,2025-12-09
2025-06-27,42403177,300,4240010,남춘천역,8,22,34,2025-12-09
2025-06-27,42403177,300,4240156,한림대학교,8,6,8,2025-12-09
2025-06-27,42403177,300,4240865,강원대후문,8,2,4,2025-12-09
2025-06-27,42403177,300,4240866,강원대후문,8,18,0,2025-12-09
2025-06-27,42403177,300,4242090,한림대학교,8,4,30,2025-12-09
2025-06-27,42403177,300,4242386,남춘천역,8,23,2,2025-12-09
2025-06-27,42403195,10,4240156,한림대학교,8,12,0,2025-12-09
2025-06-27,42403195,10,4240972,명동입구,8,8,14,2025-12-09
2025-06-27,42403198,11,4240010,남춘천역,8,18,2,2025-12-09
2025-06-27,42403198,11,4240199,팔호광장,8,2,0,2025-12-09
2025-06-27,42403201,12,4240156,한림대학교,8,8,0,2025-12-09
2025-06-27,42403201,12,4242090,한림대학교,8,0,6,2025-12-09
2025-06-27,42403177,300,4240010,남춘천역,9,2,28,2025-12-09
2025-06-27,42403177,300,4240156,한림대학교,9,12,8,2025-12-09
2025-06-27,42403177,300,4240865,강원대후문,9,2,2,2025-12-09
2025-06-27,42403177,300,4240866,강원대후문,9,8,0,2025-12-09
2025-06-27,42403177,300,4242090,한림대학교,9,2,10,2025-12-09
2025-06-27,42403177,300,4242386,남춘천역,9,26,0,2025-12-09
2025-06-27,42403195,10,4240156,한림대학교,9,12,0,2025-12-09
2025-06-27,42403195,10,4240972,명동입구,9,0,18,2025-12-09
2025-06-27,42403198,11,4240010,남춘천역,9,6,4,2025-12-09
2025-06-27,42403198,11,4240199,팔호광장,9,2,0,2025-12-09
2025-06-27,42403198,11,4240972,명동입구,9,4,10,2025-12-09
2025-06-27,42403198,11,4242061,팔호광장,9,0,2,2025-12-09
2025-06-27,42403198,11,4242386,남춘천역,9,1,0,2025-12-09
2025-06-27,42403201,12,4240156,한림대학교,9,4,0,2025-12-09
2025-06-27,42403201,12,4242090,한림대학교,9,0,10,2025-12-09
2025-06-27,42403172,100,4240020,남춘천역,10,4,0,2025-12-09
2025-06-27,42403177,300,4240010,남춘천역,10,12,58,2025-12-09
2025-06-27,42403177,300,4240156,한림대학교,10,12,4,2025-12-09
2025-06-27,42403177,300,4240865,강원대후문,10,4,12,2025-12-09
2025-06-27,42403177,300,4240866,강원대후문,10,4,2,2025-12-09
2025-06-27,42403177,300,4242090,한림대학교,10,6,8,2025-12-09
2025-06-27,42403177,300,4242386,남춘천역,10,15,2,2025-12-09
2025-06-27,42403195,10,4240156,한림대학교,10,14,2,2025-12-09
2025-06-27,42403195,10,4240972,명동입구,10,22,18,2025-12-09
2025-06-27,42403198,11,4240010,남춘천역,10,10,14,2025-12-09
2025-06-27,42403198,11,4240199,팔호광장,10,2,0,2025-12-09
2025-06-27,42403198,11,4240972,명동입구,10,6,6,2025-12-09
2025-06-27,42403198,11,4242386,남춘천역,10,3,2,2025-12-09
2025-06-27,42403201,12,4240156,한림대학교,10,10,0,2025-12-09
2025-06-27,42403201,12,4242090,한림대학교,10,0,4,2025-12-09
2025-06-27,42403172,100,4240020,남춘천역,11,6,2,2025-12-09
2025-06-27,42403177,300,4240010,남춘천역,11,6,54,2025-12-09
2025-06-27,42403177,300,4240156,한림대학교,11,26,4,2025-12-09
2025-06-27,42403177,300,4240865,강원대후문,11,4,2,2025-12-09
2025-06-27,42403177,300,4240866,강원대후문,11,6,0,2025-12-09
2025-06-27,42403177,300,4242090,한림대학교,11,4,0,2025-12-09
2025-06-27,42403177,300,4242386,남춘천역,11,6,0,2025-12-09
2025-06-27,42403195,10,4240156,한림대학교,11,30,4,2025-12-09
2025-06-27,42403195,10,4240972,명동입구,11,20,26,2025-12-09
2025-06-27,42403198,11,4240972,명동입구,11,10,18,2025-12-09
2025-06-27,42403198,11,4242386,남춘천역,11,3,1,2025-12-09
2025-06-27,42403201,12,4242090,한림대학교,11,0,2,2025-12-09
2025-06-27,42403172,100,4240865,강원대후문,12,2,0,2025-12-09
2025-06-27,42403177,300,4240010,남춘천역,12,4,12,2025-12-09
2025-06-27,42403177,300,4240156,한림대학교,12,30,2,2025-12-09
2025-06-27,42403177,300,4240865,강원대후문,12,4,6,2025-12-09
2025-06-27,42403177,300,4240866,강원대후문,12,14,0,2025-12-09
2025-06-27,42403177,300,4242090,한림대학교,12,8,14,2025-12-09
2025-06-27,42403177,300,4242386,남춘천역,12,26,0,2025-12-09
2025-06-27,42403195,10,4240156,한림대학교,12,24,0,2025-12-09
2025-06-27,42403195,10,4240972,명동입구,12,16,14,2025-12-09
2025-06-27,42403198,11,4240010,남춘천역,12,4,0,2025-12-09
2025-06-27,42403198,11,4240972,명동입구,12,0,6,2025-12-09
2025-06-27,42403198,11,4242061,팔호광장,12,4,0,2025-12-09
2025-06-27,42403198,11,4242386,남춘천역,12,2,2,2025-12-09
2025-06-27,42403201,12,4240156,한림대학교,12,4,0,2025-12-09
2025-06-27,42403201,12,4242090,한림대학교,12,0,2,2025-12-09
2025-06-27,42403172,100,4240020,남춘천역,13,14,6,2025-12-09
2025-06-27,42403177,300,4240010,남춘천역,13,8,46,2025-12-09
2025-06-27,42403177,300,4240156,한림대학교,13,28,10,2025-12-09
2025-06-27,42403177,300,4240865,강원대후문,13,2,4,2025-12-09
2025-06-27,42403177,300,4240866,강원대후문,13,6,0,2025-12-09
2025-06-27,42403177,300,4242090,한림대학교,13,2,0,2025-12-09
2025-06-27,42403177,300,4242386,남춘천역,13,13,0,2025-12-09
2025-06-27,42403195,10,4240972,명동입구,13,12,10,2025-12-09
2025-06-27,42403198,11,4240010,남춘천역,13,0,8,2025-12-09
2025-06-27,42403198,11,4240972,명동입구,13,12,18,2025-12-09
2025-06-27,42403198,11,4242386,남춘천역,13,5,2,2025-12-09
2025-06-27,42403201,12,4240156,한림대학교,13,4,0,2025-12-09
2025-06-27,42403201,12,4242090,한림대학교,13,0,6,2025-12-09
2025-06-27,42403177,300,4240010,남춘천역,14,4,26,2025-12-09
2025-06-27,42403177,300,4240156,한림대학교,14,24,2,2025-12-09
2025-06-27,42403177,300,4240865,강원대후문,14,16,12,2025-12-09
2025-06-27,42403177,300,4240866,강원대후문,14,12,0,2025-12-09
2025-06-27,42403177,300,4242090,한림대학교,14,8,0,2025-12-09
2025-06-27,42403177,300,4242386,남춘천역,14,8,5,2025-12-09
2025-06-27,42403195,10,4240156,한림대학교,14,24,2,2025-12-09
2025-06-27,42403195,10,4240972,명동입구,14,22,24,2025-12-09
2025-06-27,42403198,11,4240010,남춘천역,14,0,4,2025-12-09
2025-06-27,42403198,11,4240199,팔호광장,14,2,0,2025-12-09
2025-06-27,42403198,11,4240972,명동입구,14,10,6,2025-12-09
2025-06-27,42403198,11,4242061,팔호광장,14,0,2,2025-12-09
2025-06-27,42403198,11,4242386,남춘천역,14,4,2,2025-12-09
2025-06-27,42403201,12,4240156,한림대학교,14,4,0,2025-12-09
2025-06-27,42403201,12,4242090,한림대학교,14,0,4,2025-12-09
2025-06-27,42403172,100,4240020,남춘천역,15,10,8,2025-12-09
2025-06-27,42403172,100,4240865,강원대후문,15,2,0,2025-12-09
2025-06-27,42403177,300,4240010,남춘천역,15,22,108,2025-12-09
2025-06-27,42403177,300,4240865,강원대후문,15,0,2,2025-12-09
2025-06-27,42403177,300,4240866,강원대후문,15,16,2,2025-12-09
2025-06-27,42403177,300,4242090,한림대학교,15,24,16,2025-12-09
2025-06-27,42403177,300,4242386,남춘천역,15,9,1,2025-12-09
2025-06-27,42403195,10,4240156,한림대학교,15,10,0,2025-12-09
2025-06-27,42403195,10,4240972,명동입구,15,54,22,2025-12-09
2025-06-27,42403198,11,4240010,남춘천역,15,4,2,2025-12-09
2025-06-27,42403198,11,4240972,명동입구,15,10,6,2025-12-09
2025-06-27,42403201,12,4240156,한림대학교,15,20,0,2025-12-09
2025-06-27,42403177,300,4240010,남춘천역,16,10,60,2025-12-09
2025-06-27,42403177,300,4240156,한림대학교,16,76,6,2025-12-09
2025-06-27,42403177,300,4240865,강원대후문,16,20,14,2025-12-09
2025-06-27,42403177,300,4240866,강원대후문,16,20,2,2025-12-09
2025-06-27,42403177,300,4242090,한림대학교,16,12,4,2025-12-09
2025-06-27,42403177,300,4242386,남춘천역,16,33,4,2025-12-09
2025-06-27,42403195,10,4240156,한림대학교,16,56,0,2025-12-09
2025-06-27,42403195,10,4240972,명동입구,16,48,12,2025-12-09
2025-06-27,42403198,11,4240010,남춘천역,16,2,10,2025-12-09
2025-06-27,42403198,11,4240199,팔호광장,16,0,4,2025-12-09
2025-06-27,42403201,12,4240156,한림대학교,16,6,0,2025-12-09
2025-06-27,42403201,12,4242090,한림대학교,16,4,6,2025-12-09
2025-06-27,42403172,100,4240020,남춘천역,17,28,2,2025-12-09
2025-06-27,42403172,100,4240865,강원대후문,17,2,0,2025-12-09
2025-06-27,42403177,300,4240010,남춘천역,17,10,102,2025-12-09
2025-06-27,42403177,300,4240156,한림대학교,17,10,14,2025-12-09
2025-06-27,42403177,300,4240865,강원대후문,17,10,12,2025-12-09
2025-06-27,42403177,300,4240866,강원대후문,17,72,10,2025-12-09
2025-06-27,42403177,300,4242090,한림대학교,17,52,10,2025-12-09
2025-06-27,42403177,300,4242386,남춘천역,17,17,0,2025-12-09
2025-06-27,42403195,10,4240156,한림대학교,17,8,2,2025-12-09
2025-06-27,42403195,10,4240972,명동입구,17,38,10,2025-12-09
2025-06-27,42403198,11,4240010,남춘천역,17,6,2,2025-12-09
2025-06-27,42403198,11,4240199,팔호광장,17,0,2,2025-12-09
2025-06-27,42403198,11,4240972,명동입구,17,8,14,2025-12-09
2025-06-27,42403198,11,4242386,남춘천역,17,4,4,2025-12-09
2025-06-27,42403201,12,4240156,한림대학교,17,60,4,2025-12-09
2025-06-27,42403201,12,4242090,한림대학교,17,0,10,2025-12-09
2025-06-27,42403172,100,4240020,남춘천역,18,14,0,2025-12-09
2025-06-27,42403177,300,4240010,남춘천역,18,22,60,2025-12-09
2025-06-27,42403177,300,4240156,한림대학교,18,36,14,2025-12-09
2025-06-27,42403177,300,4240865,강원대후문,18,18,10,2025-12-09
2025-06-27,42403177,300,4240866,강원대후문,18,10,0,2025-12-09
2025-06-27,42403177,300,4242386,남춘천역,18,44,0,2025-12-09
2025-06-27,42403195,10,4240156,한림대학교,18,16,4,2025-12-09
2025-06-27,42403195,10,4240972,명동입구,18,20,8,2025-12-09
2025-06-27,42403198,11,4240010,남춘천역,18,10,0,2025-12-09
2025-06-27,42403198,11,4242061,팔호광장,18,2,0,2025-12-09
2025-06-27,42403201,12,4240156,한림대학교,18,4,0,2025-12-09
2025-06-27,42403201,12,4242090,한림대학교,18,0,2,2025-12-09
2025-06-27,42403172,100,4240020,남춘천역,19,4,0,2025-12-09
2025-06-27,42403172,100,4240865,강원대후문,19,2,4,2025-12-09
2025-06-27,42403177,300,4240010,남춘천역,19,4,48,2025-12-09
2025-06-27,42403177,300,4240156,한림대학교,19,0,8,2025-12-09
2025-06-27,42403177,300,4240865,강원대후문,19,4,6,2025-12-09
2025-06-27,42403177,300,4240866,강원대후문,19,12,4,2025-12-09
2025-06-27,42403177,300,4242090,한림대학교,19,20,4,2025-12-09
2025-06-27,42403177,300,4242386,남춘천역,19,13,0,2025-12-09
2025-06-27,42403195,10,4240156,한림대학교,19,8,0,2025-12-09
2025-06-27,42403195,10,4240972,명동입구,19,10,2,2025-12-09
2025-06-27,42403198,11,4240010,남춘천역,19,20,2,2025-12-09
2025-06-27,42403198,11,4240972,명동입구,19,4,2,2025-12-09
2025-06-27,42403198,11,4242386,남춘천역,19,7,1,2025-12-09
2025-06-27,42403201,12,4240156,한림대학교,19,4,0,2025-12-09
2025-06-27,42403172,100,4240020,남춘천역,20,10,2,2025-12-09
2025-06-27,42403177,300,4240010,남춘천역,20,8,20,2025-12-09
2025-06-27,42403177,300,4240156,한림대학교,20,16,4,2025-12-09
2025-06-27,42403177,300,4240865,강원대후문,20,8,20,2025-12-09
2025-06-27,42403177,300,4240866,강원대후문,20,4,8,2025-12-09
2025-06-27,42403177,300,4242090,한림대학교,20,2,0,2025-12-09
2025-06-27,42403177,300,4242386,남춘천역,20,26,0,2025-12-09
2025-06-27,42403195,10,4240156,한림대학교,20,12,0,2025-12-09
2025-06-27,42403195,10,4240972,명동입구,20,20,4,2025-12-09
2025-06-27,42403198,11,4240972,명동입구,20,2,4,2025-12-09
2025-06-27,42403198,11,4242386,남춘천역,20,4,0,2025-12-09
2025-06-27,42403172,100,4240020,남춘천역,21,4,4,2025-12-09
2025-06-27,42403177,300,4240010,남춘천역,21,26,28,2025-12-09
2025-06-27,42403177,300,4240156,한림대학교,21,20,4,2025-12-09
2025-06-27,42403177,300,4240865,강원대후문,21,4,0,2025-12-09
2025-06-27,42403177,300,4240866,강원대후문,21,20,2,2025-12-09
2025-06-27,42403177,300,4242090,한림대학교,21,10,10,2025-12-09
2025-06-27,42403177,300,4242386,남춘천역,21,21,0,2025-12-09
2025-06-27,42403195,10,4240156,한림대학교,21,12,2,2025-12-09
2025-06-27,42403195,10,4240972,명동입구,21,20,4,2025-12-09
2025-06-27,42403198,11,4240010,남춘천역,21,6,0,2025-12-09
2025-06-27,42403198,11,4240972,명동입구,21,4,0,2025-12-09
2025-06-27,42403198,11,4242386,남춘천역,21,2,1,2025-12-09
2025-06-27,42403172,100,4240020,남춘천역,22,12,4,2025-12-09
2025-06-27,42403172,100,4240865,강원대후문,22,4,0,2025-12-09
2025-06-27,42403177,300,4240010,남춘천역,22,24,16,2025-12-09
2025-06-27,42403177,300,4240156,한림대학교,22,4,18,2025-12-09
2025-06-27,42403177,300,4240865,강원대후문,22,20,12,2025-12-09
2025-06-27,42403177,300,4240866,강원대후문,22,10,8,2025-12-09
2025-06-27,42403177,300,4242090,한림대학교,22,2,0,2025-12-09
2025-06-27,42403177,300,4242386,남춘천역,22,31,0,2025-12-09
2025-06-27,42403195,10,4240972,명동입구,22,4,2,2025-12-09
2025-06-27,42403198,11,4240972,명동입구,22,4,2,2025-12-09
2025-06-27,42403198,11,4242061,팔호광장,22,0,2,2025-12-09
2025-06-27,42403198,11,4242386,남춘천역,22,2,0,2025-12-09
2025-06-27,42403177,300,4240156,한림대학교,23,2,2,2025-12-09
2025-06-27,42403198,11,4242386,남춘천역,23,3,0,2025-12-09
2025-06-28,42403201,12,4240156,한림대학교,5,2,0,2025-12-09
2025-06-28,42403177,300,4240010,남춘천역,7,4,20,2025-12-09
2025-06-28,42403177,300,4240156,한림대학교,7,4,0,2025-12-09
2025-06-28,42403177,300,4240865,강원대후문,7,0,4,2025-12-09
2025-06-28,42403177,300,4240866,강원대후문,7,4,0,2025-12-09
2025-06-28,42403177,300,4242386,남춘천역,7,1,0,2025-12-09
2025-06-28,42403195,10,4240972,명동입구,7,8,2,2025-12-09
2025-06-28,42403198,11,4240010,남춘천역,7,4,4,2025-12-09
2025-06-28,42403177,300,4240010,남춘천역,8,2,12,2025-12-09
2025-06-28,42403177,300,4240156,한림대학교,8,14,2,2025-12-09
2025-06-28,42403177,300,4240865,강원대후문,8,6,0,2025-12-09
2025-06-28,42403177,300,4240866,강원대후문,8,8,0,2025-12-09
2025-06-28,42403177,300,4242090,한림대학교,8,2,4,2025-12-09
2025-06-28,42403177,300,4242386,남춘천역,8,2,0,2025-12-09
2025-06-28,42403195,10,4240156,한림대학교,8,2,2,2025-12-09
2025-06-28,42403195,10,4240972,명동입구,8,4,6,2025-12-09
2025-06-28,42403198,11,4240010,남춘천역,8,2,8,2025-12-09
2025-06-28,42403198,11,4240199,팔호광장,8,4,0,2025-12-09
2025-06-28,42403198,11,4240972,명동입구,8,2,0,2025-12-09
2025-06-28,42403201,12,4240156,한림대학교,8,2,0,2025-12-09
2025-06-28,42403201,12,4242090,한림대학교,8,2,0,2025-12-09
2025-06-28,42403172,100,4240865,강원대후문,9,2,0,2025-12-09
2025-06-28,42403177,300,4240010,남춘천역,9,2,62,2025-12-09
2025-06-28,42403177,300,4240156,한림대학교,9,4,2,2025-12-09
2025-06-28,42403177,300,4240865,강원대후문,9,4,2,2025-12-09
2025-06-28,42403177,300,4240866,강원대후문,9,22,2,2025-12-09
2025-06-28,42403177,300,4242090,한림대학교,9,8,0,2025-12-09
2025-06-28,42403177,300,4242386,남춘천역,9,9,1,2025-12-09
2025-06-28,42403195,10,4240156,한림대학교,9,6,0,2025-12-09
2025-06-28,42403195,10,4240972,명동입구,9,8,8,2025-12-09
2025-06-28,42403198,11,4240010,남춘천역,9,10,12,2025-12-09
2025-06-28,42403198,11,4240199,팔호광장,9,6,0,2025-12-09
2025-06-28,42403198,11,4240972,명동입구,9,0,2,2025-12-09
2025-06-28,42403201,12,4240156,한림대학교,9,12,2,2025-12-09
2025-06-28,42403201,12,4242090,한림대학교,9,0,2,2025-12-09
2025-06-28,42403172,100,4240020,남춘천역,10,2,4,2025-12-09
2025-06-28,42403177,300,4240010,남춘천역,10,4,44,2025-12-09
2025-06-28,42403177,300,4240156,한림대학교,10,2,2,2025-12-09
2025-06-28,42403177,300,4240865,강원대후문,10,2,4,2025-12-09
2025-06-28,42403177,300,4240866,강원대후문,10,22,0,2025-12-09
2025-06-28,42403177,300,4242090,한림대학교,10,4,2,2025-12-09
2025-06-28,42403177,300,4242386,남춘천역,10,9,2,2025-12-09
2025-06-28,42403195,10,4240156,한림대학교,10,6,0,2025-12-09
2025-06-28,42403195,10,4240972,명동입구,10,6,10,2025-12-09
2025-06-28,42403198,11,4240010,남춘천역,10,6,2,2025-12-09
2025-06-28,42403198,11,4240199,팔호광장,10,2,0,2025-12-09
2025-06-28,42403198,11,4240972,명동입구,10,0,4,2025-12-09
2025-06-28,42403198,11,4242386,남춘천역,10,2,1,2025-12-09
2025-06-28,42403201,12,4240156,한림대학교,10,2,0,2025-12-09
2025-06-28,42403172,100,4240020,남춘천역,11,8,2,2025-12-09
2025-06-28,42403177,300,4240010,남춘천역,11,12,36,2025-12-09
2025-06-28,42403177,300,4240156,한림대학교,11,10,2,2025-12-09
2025-06-28,42403177,300,4240865,강원대후문,11,0,8,2025-12-09
2025-06-28,42403177,300,4240866,강원대후문,11,4,0,2025-12-09
2025-06-28,42403177,300,4242090,한림대학교,11,2,0,2025-12-09
2025-06-28,42403177,300,4242386,남춘천역,11,8,0,2025-12-09
2025-06-28,42403195,10,4240156,한림대학교,11,6,0,2025-12-09
2025-06-28,42403195,10,4240972,명동입구,11,28,10,2025-12-09
2025-06-28,42403198,11,4240972,명동입구,11,2,2,2025-12-09
2025-06-28,42403198,11,4242386,남춘천역,11,4,1,2025-12-09
2025-06-28,42403201,12,4240156,한림대학교,11,4,0,2025-12-09
2025-06-28,42403177,300,4240010,남춘천역,12,4,8,2025-12-09
2025-06-28,42403177,300,4240156,한림대학교,12,10,2,2025-12-09
2025-06-28,42403177,300,4240865,강원대후문,12,2,10,2025-12-09
2025-06-28,42403177,300,4240866,강원대후문,12,6,0,2025-12-09
2025-06-28,42403177,300,4242090,한림대학교,12,8,2,2025-12-09
2025-06-28,42403177,300,4242386,남춘천역,12,2,0,2025-12-09
2025-06-28,42403195,10,4240156,한림대학교,12,8,0,2025-12-09
2025-06-28,42403195,10,4240972,명동입구,12,12,10,2025-12-09
2025-06-28,42403198,11,4240010,남춘천역,12,24,10,2025-12-09
2025-06-28,42403198,11,4240199,팔호광장,12,2,4,2025-12-09
2025-06-28,42403198,11,4240972,명동입구,12,2,16,2025-12-09
2025-06-28,42403198,11,4242386,남춘천역,12,3,0,2025-12-09
2025-06-28,42403201,12,4240156,한림대학교,12,2,0,2025-12-09
